index,id,company,phone,address,website,leadtype,category,rating,rating_count,email
0,ChIJoy3UYm67w4kR3De3ae1U728,HED AERIAL PHOTOGRAPHY & VIDEORAPHY LLC,(908) 335-5130,"816 Carlton Ave, Plainfield, NJ 07060, USA",,No Website,service,4,1,info@hedaerial.com
2,ChIJoy3UYm67w4kR3De3ae1U728,HED AERIAL PHOTOGRAPHY & VIDEORAPHY LLC,(908) 335-5130,"816 Carlton Ave, Plainfield, NJ 07060, USA",,No Website,service,4,1,info@hedaerial.com
4,ChIJoy3UYm67w4kR3De3ae1U728,HED AERIAL PHOTOGRAPHY & VIDEORAPHY LLC,(908) 335-5130,"816 Carlton Ave, Plainfield, NJ 07060, USA",,No Website,service,4,1,info@hedaerial.com
6,ChIJyyE6W139wokRkdHdDNlRvTM,DRONE A VISION,(201) 310-9329,"662 Goffle Rd, Hawthorne, NJ 07506, USA",,No Website,service,5,1,info@droneavision.com
8,ChIJoy3UYm67w4kR3De3ae1U728,HED AERIAL PHOTOGRAPHY & VIDEORAPHY LLC,(908) 335-5130,"816 Carlton Ave, Plainfield, NJ 07060, USA",,No Website,service,4,1,info@hedaerial.com
9,ChIJoy3UYm67w4kR3De3ae1U728,HED AERIAL PHOTOGRAPHY & VIDEORAPHY LLC,(908) 335-5130,"816 Carlton Ave, Plainfield, NJ 07060, USA",,No Website,service,4,1,info@hedaerial.com
30,ChIJ54BxaxJ5-4gRvxptYaSADRs,Aerial Marketing Solutions Savannah,(912) 665-4000,"103 Wales Ct, Savannah, GA 31410, USA",https://www.facebook.com/Savannah.AerialMarketingSolutions/,Social Media Only,service,,,info@aerialmarketingsolutions.com
31,ChIJldnd7mae-4gReT_boQstvyY,Capturing Savannah,(912) 755-8516,"35 Barnard St, Savannah, GA 31401, USA",,No Website,service,5,13,info@capturingsavannah.com
32,ChIJTQcNhX0r9YgRipAfNujer9k,"West Georgia Aerial Imagery, LLC",(678) 634-8390,"210 S Carroll Rd, Villa Rica, GA 30180, USA",,No Website,service,5,10,info@westgeorgiaaerialimagery.com
33,ChIJqz3tZQmH9ogR8vDj8qtXHTI,Skyqueen Aerial Photography,(706) 342-7499,"1421 McHenry Crossing, Madison, GA 30650, USA",,No Website,service,5,2,skyqueenaerialphotography@gmail.com
34,ChIJTdE-0mgKw4kRyHRLTP6r9hA,John Carno Transportation LLC,(973) 664-1000,"14 W Sterling St, Wharton, NJ 07885, USA",,No Website,airport_shuttle_service,4.4,40,info@johncarnotransportation.com
37,ChIJT04ZuRYHw4kRGQd68S9W6pg,Montville Airport Transportation,(973) 777-5466,"10 Hook Mountain Rd, Montville, NJ 07045, USA",,No Website,chauffeur_service,1,1,info@montvilleairporttransportation.com
38,ChIJjRvQPPGnw4kRxrjC8o06IHc,My Ride Worldwide,(800) 380-4767,"90 E Halsey Rd, Parsippany, NJ 07054, USA",,No Website,chauffeur_service,5,18,info@myrideworldwide.com
41,ChIJTdE-0mgKw4kRyHRLTP6r9hA,John Carno Transportation LLC,(973) 664-1000,"14 W Sterling St, Wharton, NJ 07885, USA",,No Website,airport_shuttle_service,4.4,40,info@johncarnotransportation.com
44,ChIJjRvQPPGnw4kRxrjC8o06IHc,My Ride Worldwide,(800) 380-4767,"90 E Halsey Rd, Parsippany, NJ 07054, USA",,No Website,chauffeur_service,5,18,info@myrideworldwide.com
44,ChIJjRvQPPGnw4kRxrjC8o06IHc,My Ride Worldwide,(800) 380-4767,"90 E Halsey Rd, Parsippany, NJ 07054, USA",,No Website,chauffeur_service,5,18,reservations@myrideworldwide.com
46,ChIJScik0AEJw4kRKsZKrF5A7FM,Rody’s Car Services,(862) 432-6228,"1100 Parsippany Blvd Apt 227, Parsippany, NJ 07054, USA",,No Website,transportation_service,5,2,info@rodyscarservices.com
49,ChIJTdE-0mgKw4kRyHRLTP6r9hA,John Carno Transportation LLC,(973) 664-1000,"14 W Sterling St, Wharton, NJ 07885, USA",,No Website,airport_shuttle_service,4.4,40,info@johncarnotransportation.com
52,ChIJjRvQPPGnw4kRxrjC8o06IHc,My Ride Worldwide,(800) 380-4767,"90 E Halsey Rd, Parsippany, NJ 07054, USA",,No Website,chauffeur_service,5,18,info@myrideworldwide.com
53,ChIJT04ZuRYHw4kRGQd68S9W6pg,Montville Airport Transportation,(973) 777-5466,"Hook Mountain Rd, Montville, NJ 07045, USA",,No Website,chauffeur_service,1,1,info@montvilleairporttransportation.com
54,ChIJwZe34RYIw4kRF6uo6voE-SE,Sky Line Taxi & Limousine,(973) 909-0117,"1100 Parsippany Blvd, Parsippany, NJ 07054, USA",,No Website,chauffeur_service,5,2,info@skylinetaxilimo.com
55,ChIJTdE-0mgKw4kRyHRLTP6r9hA,John Carno Transportation LLC,(973) 664-1000,"14 W Sterling St, Wharton, NJ 07885, USA",,No Website,airport_shuttle_service,4.4,40,johncarnotransportation@gmail.com
56,ChIJJ-MxgReDw4kR_S1OYAe5RWY,SMSM Limousine & Taxi,(973) 874-8934,"Mansfield Village, Hackettstown, NJ 07840, USA",,No Website,taxi_service,3.2,26,info@smsmlimo.com
58,ChIJxULCEnWDw4kR0Zjaz2dLUDY,My Star Limousine,(908) 350-1958,"286 Main St, Hackettstown, NJ 07840, USA",,No Website,transportation_service,,,info@mystarlimo.com
59,ChIJu5fYpst5w4kRWIrey3o8d3c,Take Me There Transportation Service LLC,(201) 602-2962,"28 Kennedy Rd STE 31, Tranquility, NJ 07879, USA",,No Website,chauffeur_service,4.2,14,takemetheretransportation@gmail.com
70,ChIJTdE-0mgKw4kRyHRLTP6r9hA,John Carno Transportation LLC,(973) 664-1000,"14 W Sterling St, Wharton, NJ 07885, USA",,No Website,airport_shuttle_service,4.4,40,info@johncarno.com
72,ChIJwZe34RYIw4kRF6uo6voE-SE,Sky Line Taxi & Limousine,(973) 909-0117,"1100 Parsippany Blvd, Parsippany, NJ 07054, USA",,No Website,chauffeur_service,5,2,info@skylinetaxinj.com
74,ChIJT04ZuRYHw4kRGQd68S9W6pg,Montville Airport Transportation,(973) 777-5466,"10 Hook Mountain Rd, Montville, NJ 07045, USA",,No Website,chauffeur_service,1,1,info@montvilleairporttransportation.com
75,ChIJScik0AEJw4kRKsZKrF5A7FM,Rody’s Car Services,(862) 432-6228,"1100 Parsippany Blvd Apt 227, Parsippany, NJ 07054, USA",,No Website,transportation_service,5,2,info@rodyscarservices.com
76,ChIJAVWYCE6tw4kRtCSBigqpM5M,Summit Springfield limo & Airport Car Service,(908) 897-3949,"226 Morris Ave #108, Springfield, NJ 07081, USA",,No Website,chauffeur_service,5,10,info@summitslimo.com
77,ChIJRyef6h2vw4kR6-X61El_KMw,KEKE Limousine Service & Airport Shuttle Service,(201) 904-0212,"103 John F Kennedy Pkwy, Short Hills, NJ 07078, USA",,No Website,airport_shuttle_service,5,1,info@kekelimo.com
79,ChIJ-XdjJUDEw4kRnPCbZgvjZJQ,Brunswick Airport service,(848) 565-4811,"504 Calvert Rd, North Brunswick Township, NJ 08902, USA",,No Website,chauffeur_service,5,1,info@brunswickairportservice.com
81,ChIJa4TnpLfJw4kRT5tH2oLN5QI,Crystal Car & Limousine Service,(732) 777-0057,"1992 Woodbridge Ave, Edison, NJ 08817, USA",,No Website,chauffeur_service,5,58,info@crystalcarandlimo.com
82,ChIJyX-vu_Taw4kRgxus7yb0L1Q,JMS Airport Car Service,(609) 937-8094,"180 Buckelew Ave, Jamesburg, NJ 08831, USA",,No Website,chauffeur_service,4.5,18,info@jmsairportcarservice.com
83,ChIJ2wqiejK_w4kRRYrnFT7ANl4,LCH Medical Transportation,(732) 627-0094,"1273 Bound Brook Rd #6, Middlesex, NJ 08846, USA",,No Website,transportation_service,3.6,29,info@lchmedicaltransportation.com
84,ChIJg-gwHHq_w4kR_pPDDU0nV8E,Somerset & Bound brook Airport Taxi & Limo,(732) 789-7514,"W High St, Bound Brook, NJ 08805, USA",,No Website,taxi_service,4.3,11,info@somersetboundbrooktaxilimo.com
85,ChIJ2wqiejK_w4kRRYrnFT7ANl4,LCH Medical Transportation,(732) 627-0094,"1273 Bound Brook Rd #6, Middlesex, NJ 08846, USA",,No Website,transportation_service,3.6,29,info@lchmedicaltransportation.com
86,ChIJTdE-0mgKw4kRyHRLTP6r9hA,John Carno Transportation LLC,(973) 664-1000,"14 W Sterling St, Wharton, NJ 07885, USA",,No Website,airport_shuttle_service,4.4,40,johncarnotransportation@gmail.com
87,ChIJszXUMKGyw4kRuovvS5jvfHM,Elizabeth Airport Transfer NJ,(908) 354-4444,"707 Livingston Rd, Elizabeth, NJ 07208, USA",,No Website,airport_shuttle_service,4.5,2,info@elizabethairporttransfer.com
89,ChIJyX-vu_Taw4kRgxus7yb0L1Q,JMS Airport Car Service,(609) 937-8094,"180 Buckelew Ave, Jamesburg, NJ 08831, USA",,No Website,chauffeur_service,4.5,18,info@jmsairportcarservice.com
90,ChIJXfi987SFwYkRFKCM6-P2XpE,Coastal Limousine & Airport Car Service,(844) 257-5466,"52 E Coral Dr, Brick Township, NJ 08723, USA",,No Website,chauffeur_service,4.2,5,info@coastallimonj.com
92,ChIJc_1pj6cnwokRNOH7Y8sEvfc,Surf Citi Transportation,(888) 366-8294,"103 16th Ave, Belmar, NJ 07719, USA",https://www.facebook.com/shorecruisersllc/,Social Media Only,transportation_service,5,13,surfcititransportation@gmail.com
93,ChIJTdE-0mgKw4kRyHRLTP6r9hA,John Carno Transportation LLC,(973) 664-1000,"14 W Sterling St, Wharton, NJ 07885, USA",,No Website,airport_shuttle_service,4.4,40,johncarnotransportation@gmail.com
96,ChIJf--845AaK2gRh6SbvBkDLP0,Charleston Charm Services (Transportation),(843) 974-1232,"1819 Meeting St Suite 120, Charleston, SC 29405, USA",,No Website,transportation_service,4.8,53,info@charlestoncharmservices.com
97,ChIJFSCtiNyLnwgRdrV1e9qZ-6E,"Davis Driving Company, LLC",(919) 280-3753,"1240 Fairmont Ave, Mt Pleasant, SC 29464, USA",,No Website,transportation_service,5,2,davisdrivingcompany@gmail.com
99,ChIJf--845AaK2gRh6SbvBkDLP0,Charleston Charm Services (Transportation),(843) 974-1232,"1819 Meeting St Suite 120, Charleston, SC 29405, USA",,No Website,transportation_service,4.8,53,info@charlestoncharmservices.com
121,ChIJ07k-cqEJw4kRygPMelD-pPA,Cutters Tree Services Inc,(973) 625-9688,"114 Beach St, Rockaway, NJ 07866, USA",,No Website,service,5,6,info@cutterstreeservices.com
123,ChIJkXZF38AsJkMRS5xrNm4TsZI,Silvanus Tree Service LLC,(973) 713-6251,"14 Zellers Rd, Long Valley, NJ 07853, USA",,No Website,service,5,17,info@silvanustreeservice.com
124,ChIJcfvY0tGdw4kRBQFkqB9hSIg,"Gramajo Tree Service, Landscaping & Construction LLC",(973) 906-8039,"914 Robin Ct, Ledgewood, NJ 07852, USA",,No Website,general_contractor,5,156,info@gramajotreeservice.com
125,ChIJR9sWgLCFw4kRS0nO38Acshc,All affordable tree service by Damon,(908) 850-1455,"204 E Prospect St, Hackettstown, NJ 07840, USA",,No Website,service,3,2,info@allaffordabletreeservice.com
126,ChIJEx5Gbj50w4kR_NPH02i41DM,All Heights Tree Service,(908) 313-2473,"765 Brooklyn Mountain Rd, Hopatcong, NJ 07843, USA",,No Website,service,4.9,29,info@allheightstreeservice.com
127,ChIJC5PgAimfw4kRQY7foPySZPI,Pyontek Brothers Tree Services,(800) 335-8733,"2 Rock Spring Rd, Chester, NJ 07930, USA",,No Website,service,5,9,info@pyontekbrothers.com
128,ChIJXb_kRCMLw4kRxYEaqZXBp8c,Panda Tree Service LLC,(973) 288-3924,"15 W Fairview Ave A, Dover, NJ 07801, USA",,No Website,service,3,2,info@pandatreeservice.com
131,ChIJf5PRGI2nw4kRUzn9I6MPrx0,Morris County Forestry,(973) 887-0600,"14 Lake Ct, Parsippany, NJ 07054, USA",,No Website,service,3.3,3,info@morriscountyforestry.com
132,ChIJm17b6k-ow4kReazq7n-z8zg,"Master Services, LLC",(973) 887-6456,"287 Ridgedale Ave, East Hanover, NJ 07936, USA",,No Website,service,5,6,masterservicesllc@gmail.com
133,ChIJ07k-cqEJw4kRygPMelD-pPA,Cutters Tree Services Inc,(973) 625-9688,"114 Beach St, Rockaway, NJ 07866, USA",,No Website,service,5,6,cutterstreeservicesinc@gmail.com
134,ChIJUZC9xrjHw4kRejZj8gFiqe0,UNITED TREE SERVICE &LANDSCAPING LLC,(732) 207-3933,"105 Townsend St, New Brunswick, NJ 08901, USA",,No Website,service,5,8,unitedtreeservicellc@gmail.com
136,ChIJkRAp2wm2w4kRI-HceSy263A,Able Tree Service,(732) 661-0433,"961 Amboy Ave, Edison, NJ 08837, USA",,No Website,service,4.7,36,abletreeservice@aol.com
137,ChIJw_zqcj_Hw4kRUzBbjVj6mSk,Quality tree service and landscaping,(732) 822-6455,"19 Poe Ave, Somerset, NJ 08873, USA",,No Website,service,5,10,qualitytreeservicelandscaping@gmail.com
138,ChIJLf4wyqXBw4kREHld7LfwwcQ,3D Tree Services,(732) 357-7571,"197 Cedar Grove Ln, Somerset, NJ 08873, USA",,No Website,service,4.9,17,3dtreeservices@gmail.com
139,ChIJm4pBPzrHw4kR_qJiH-QqeIM,Trébol tree service,(732) 979-6836,"105 May St, New Brunswick, NJ 08901, USA",,No Website,service,,,treboltreeservice@gmail.com
140,ChIJ5X9Rtz-0w4kRS5QKj194nSA,Treeminator Tree Services,(732) 326-0911,"144 Remsen Ave, Avenel, NJ 07001, USA",,No Website,service,4.5,58,info@treeminatortreeservices.com
141,ChIJK70C3KrGw4kRO5zI2gfsXTQ,Amagreen Tree & Lawn Service,(732) 249-4343,"54 Bennetts Ln, Somerset, NJ 08873, USA",,No Website,service,4,5,contact@amagreentreeandlawn.com
143,ChIJc7wuXCy4w4kRn19eVwuKLgo,Riccardi's Tree Services,(908) 754-3785,"96 Mercer Ave, North Plainfield, NJ 07060, USA",,No Website,service,4.7,15,info@riccardistreeservice.com
144,ChIJUZC9xrjHw4kRejZj8gFiqe0,UNITED TREE SERVICE &LANDSCAPING LLC,(732) 207-3933,"105 Townsend St, New Brunswick, NJ 08901, USA",,No Website,service,5,8,unitedtreeservicellc@gmail.com
145,ChIJX_DrWyzHw4kRB3p2ZAJlDG8,Energy property maintenance and tree service,(732) 309-2420,"Somerset, NJ 08873, USA",,No Website,service,4.8,57,contact@energypropertymaintenance.com
146,ChIJw_zqcj_Hw4kRUzBbjVj6mSk,Quality tree service and landscaping,(732) 822-6455,"19 Poe Ave, Somerset, NJ 08873, USA",,No Website,service,5,10,qualitytreeservice@gmail.com
147,ChIJkRAp2wm2w4kRI-HceSy263A,Able Tree Service,(732) 661-0433,"961 Amboy Ave, Edison, NJ 08837, USA",,No Website,service,4.7,36,info@abletreeservice.net
148,ChIJLf4wyqXBw4kREHld7LfwwcQ,3D Tree Services,(732) 357-7571,"197 Cedar Grove Ln, Somerset, NJ 08873, USA",,No Website,service,4.9,17,contact@3dtreeservices.com
149,ChIJDUSEUNP9w4kRmjhUaiICVzI,Niederer Tree Service,(609) 737-7571,"96 Fiddlers Creek Rd, Titusville, NJ 08560, USA",,No Website,service,5,9,info@niederertreeservice.com
151,ChIJUcnAe8-P-4gRVmNP__dyIXk,The Family Tree Company,(843) 301-0911,"Spanish Wells, Hilton Head Island, SC 29926, USA",,No Website,service,5,7,info@thefamilytreecompany.com
152,ChIJ__9SCzJ4_IgR29Ism89z7o4,"Galvez Tree Pruning,LLc",(843) 338-5015,"39 Gumtree Rd, Hilton Head Island, SC 29926, USA",,No Website,service,5,4,info@galveztreepruning.com
153,ChIJ8YfzrIab-4gR7MtrGkDJFEU,obet's tree work llc.,(843) 683-1357,"750 Shad Rd, Hardeeville, SC 29927, USA",,No Website,service,4.9,38,info@obetstreework.com
154,ChIJ0UAPVQAN_IgRxWxCNNyI4d0,Coastal Tree Services,(843) 592-5084,"2015 Boundary St #226, Beaufort, SC 29902, USA",,No Website,service,3.6,8,info@coastaltreeservices.com
155,ChIJVRpi5Hr4HgIR9JLAKPYKZ3c,Broad River Stump Grinding,(843) 929-7375,"5024 Dogwood St, Beaufort, SC 29906, USA",https://www.facebook.com/profile.php?id=61557457341910&name=xhp_nt__fb__action__open_user,Social Media Only,service,5,31,info@broadriverstumpgrinding.com
156,ChIJ55irBVIL_IgR_k5pprPxISA,Beaufort tree care Lopez,(843) 338-3641,"25 Eagle Ridge Rd #29906, Beaufort, SC 29906, USA",,No Website,service,3,2,info@beauforttreecarelopez.com
157,ChIJqcz1KxUM_IgRKd-9bdWeYWU,Padgett Tree Services,(843) 524-6359,"2905 Polk St, Beaufort, SC 29902, USA",,No Website,service,5,2,info@padgetttreeservices.com
158,ChIJ-8o3yHwL_IgRQw7Nxci-Dtg,Lowcountry Land Improvements,(843) 816-5088,"3111 Palomino Dr, Beaufort, SC 29906, USA",,No Website,general_contractor,5,112,info@lowcountrylandimprovements.com
159,ChIJ_____w9z_IgR-gw707plLu8,Preservation Tree Care,(843) 986-0233,"Beaufort, SC 29902, USA",,No Website,service,,,info@preservationtreecare.com
160,ChIJI6lMICYJ_IgRBVnJ2d_n358,Padgett Tree Service,(843) 466-0754,"1590 Carolina Ave, Beaufort, SC 29906, USA",,No Website,service,3.4,5,padgetttreeservice@gmail.com
162,ChIJ0UAPVQAN_IgRxWxCNNyI4d0,Coastal Tree Services,(843) 592-5084,"2015 Boundary St #226, Beaufort, SC 29902, USA",,No Website,service,3.6,8,coastaltreeservicesllc@gmail.com
167,ChIJ_____w9z_IgR-gw707plLu8,Preservation Tree Care,(843) 986-0233,"1000 Boundary St, Beaufort, SC 29902, USA",,No Website,service,,,preservationtreecare@gmail.com
170,ChIJi2FCDv13_IgRvEdiSCOMORE,Quality Tree and Landscape,(843) 842-4700,"11 Heritage Lakes Dr, Bluffton, SC 29910, USA",,No Website,service,5,2,info@qualitytreeandlandscape.com
171,ChIJVyXaKfGI-4gRzClF4NQQk2g,Stump Masters,(843) 384-3792,"Ulmer Rd, Bluffton, SC 29910, USA",,No Website,service,5,4,stumpmastersllc@gmail.com
172,ChIJTVN8722R-4gRZkUZNV5FSVg,J&C Tree Service,(843) 605-3520,"357 Honey Ln, Hardeeville, SC 29927, USA",,No Website,service,,,jandctreeservice@gmail.com
174,ChIJq1YBxy6N-4gRonKi_uuJcwA,Merritt Landscaping & Tree Service,(843) 781-0091,"15 Gregorie Neck Rd, Okatie, SC 29909, USA",,No Website,general_contractor,5,2,merrittlandscaping@gmail.com
175,ChIJ8YfzrIab-4gR7MtrGkDJFEU,obet's tree work llc.,(843) 683-1357,"750 Shad Rd, Hardeeville, SC 29927, USA",,No Website,service,4.9,38,obetstreeworkllc@gmail.com
176,ChIJi2FCDv13_IgRvEdiSCOMORE,Quality Tree and Landscape,(843) 842-4700,"11 Heritage Lakes Dr, Bluffton, SC 29910, USA",,No Website,service,5,2,info@qualitytreeandlandscape.com
177,ChIJVyXaKfGI-4gRzClF4NQQk2g,Stump Masters,(843) 384-3792,"Ulmer Rd, Bluffton, SC 29910, USA",,No Website,service,5,4,stumpmastersllc@gmail.com
178,ChIJq1YBxy6N-4gRonKi_uuJcwA,Merritt Landscaping & Tree Service,(843) 781-0091,"15 Gregorie Neck Rd, Okatie, SC 29909, USA",,No Website,general_contractor,5,2,merrittlandscaping@gmail.com
179,ChIJTVN8722R-4gRZkUZNV5FSVg,J&C Tree Service,(843) 605-3520,"357 Honey Ln, Hardeeville, SC 29927, USA",,No Website,service,,,jandctreeservice@gmail.com
181,ChIJq6qqqg56_ogRF2Py50yjPug,Natural Directions Llc,(833) 453-3516,"171 Church St, Charleston, SC 29401, USA",,No Website,service,5,1,info@naturaldirectionsllc.com
182,ChIJ0c6AQD-L_ogRYZUO7VNyKEo,"Royal Tree Service~ Summerville, Goose Creek, W. Ashley, Charleston",(843) 870-8733,"104 Garden Hill Rd, Summerville, SC 29483, USA",,No Website,service,5,10,royaltreeservicesc@gmail.com
183,ChIJEX2390G2FkIRXwlpqG_ehIQ,Stacks Tree Service,(843) 789-0340,"1615 Dawson Branch Rd, Summerville, SC 29483, USA",,No Website,service,5,12,stackstreeservice@gmail.com
184,ChIJw84ImlaL_ogR8Et_pCbFvsY,RAMIREZ TREE SERVICE & LANDSCAPING LLC,(843) 582-1103,"361 Royle Rd, Ladson, SC 29456, USA",https://www.facebook.com/share/1cAUEEzDfE/|https://ramireztreeservicelandscaping.com/,Social Media Only,service,5,64,ramireztreeservicelandscaping@gmail.com
185,ChIJwcqI16eL_ogRsfqaC6VJJvg,JR's Pro Tree and Lawn Service,(843) 870-3879,"511 W 2nd N St, Summerville, SC 29483, USA",,No Website,service,5,10,jrsprotreelawnservice@gmail.com
186,ChIJY4NfQziJ_ogR1qXAyyESdqE,Emmanuel Tree Service LLC,(843) 974-7273,"257 Picard Dr, Ladson, SC 29456, USA",https://www.facebook.com/share/1HMDEjkJGL/?mibextid=wwXIfr,Social Media Only,service,5,25,emmanueltreeservicellc@gmail.com
187,ChIJbZJWHHKL_ogRwo9h2MYRFN4,Carolina Complete Property Maintenance LLC,(843) 518-8474,"89B Old Trolley Rd, Summerville, SC 29485, USA",,No Website,service,,,carolinacompletepropertymaintenance@gmail.com
188,ChIJjcNY5YLz_ogRuSctOAYJwNM,BH Landscaping and Hauling.,(843) 513-0203,"106 Park Ln, Summerville, SC 29485, USA",,No Website,service,5,1,bhlandscapingandhauling@gmail.com
189,ChIJpcqBz9QT-YgR9K1xRYmAolY,"Baxley's Tree Service, LLC",(803) 300-3985,"1908 Lebanon Rd, Barnwell, SC 29812, USA",,No Website,service,3.9,7,baxleystreeservice@gmail.com
190,ChIJ0c6AQD-L_ogRYZUO7VNyKEo,"Royal Tree Service~ Summerville, Goose Creek, W. Ashley, Charleston",(843) 871-8733,"104 Garden Hill Rd, Summerville, SC 29483, USA",,No Website,service,5,10,royaltreeservicesc@gmail.com
193,ChIJ5_t5mP-d-4gRB2WkKXaoofo,Savannah Tree Service LLC,(912) 660-0000,"505 Forrest Ave, Savannah, GA 31404, USA",,No Website,service,5,38,savannahtreeservicellc@gmail.com
195,ChIJhax3Nt-x4SURhrOtAOZHglk,"Richmond Hill Tree Experts, LLC",(912) 312-1235,"210 Belfast Pines Dr, Richmond Hill, GA 31324, USA",,No Website,service,5,9,richmondhilltreeexperts@gmail.com
196,ChIJjyQchz9z-4gRIseC518pzso,Cunningham Tree Service,(912) 355-0395,"10 Fox Squirrel Dr, Savannah, GA 31406, USA",,No Website,service,5,2,cunninghamtreeservice@gmail.com
197,ChIJFVxwScHJxAwRVrdQr5Hqi4w,Cole Tree Care,(912) 508-4499,"41 Quail Rd, Richmond Hill, GA 31324, USA",https://www.facebook.com/cole.treecare/,Social Media Only,service,4.7,14,coletreecare@gmail.com
206,ChIJH8tADJoJw4kR_nRjyg7MyAU,Denville Automotive,(973) 784-4535,"107 US-46, Denville, NJ 07834, USA",,No Website,car_repair,4.7,159,denvilleautomotive@gmail.com
207,ChIJW8Bc97YJw4kRah-uHRhOpkY,Clemente's Auto Body,(973) 784-4200,"326 US-46, Mountain Lakes, NJ 07046, USA",,No Website,car_repair,4.8,24,clementesautobody@gmail.com
208,ChIJKWi7K6MKw4kRvSKIoySdP78,Rods Auto Body,(551) 214-6335,"325 US-46 W, Dover, NJ 07801, USA",,No Website,car_repair,4.6,22,rodsautobody@gmail.com
209,ChIJ_-AKrigKw4kRR2HPtKU_Vtw,D & M Auto Repair,(973) 627-9670,"198 E Main St, Rockaway, NJ 07866, USA",,No Website,car_repair,4.9,127,dmautorepairnj@gmail.com
220,ChIJW8Bc97YJw4kRah-uHRhOpkY,Clemente's Auto Body,(973) 784-4200,"326 US-46, Mountain Lakes, NJ 07046, USA",,No Website,car_repair,4.8,24,info@clementesautobody.com
221,ChIJ-xzmnXaDw4kRNRBsvIB2xxo,Precise Collision & Restoration,(908) 441-2786,"141 Mountain Ave, Hackettstown, NJ 07840, USA",,No Website,car_repair,4.7,29,info@precisecollisionnj.com
222,ChIJH92YPHWDw4kRAAKLQZT7scA,5 Brothers Auto Repair,(908) 340-8230,"289 Main St, Hackettstown, NJ 07840, USA",,No Website,car_repair,4.3,61,5brothersautorepair@gmail.com
223,ChIJY9c81uqDw4kRQmeL71JIk0Q,International Auto Repair,(551) 420-6507,"147 B, Main St, Hackettstown, NJ 07840, USA",,No Website,car_repair,4.6,9,internationalautorepairnj@gmail.com
225,ChIJ_0h0pKGDw4kRq7TChDFAJdY,Aras Auto Repair Shop,(908) 666-2179,"104 Main St, Hackettstown, NJ 07840, USA",,No Website,car_repair,4.4,27,arasautorepair@gmail.com
226,ChIJmXMF5dCnw4kRtkobrN8z3hY,HARRIS Automotive,(973) 984-6861,"74 Washington St, Morristown, NJ 07960, USA",,No Website,car_repair,5,30,info@harrisautomotive.com
227,ChIJR59r6bCmw4kRLUecPq5UgIE,Zee's Auto Service,(973) 998-6525,"128 Washington St, Morristown, NJ 07960, USA",,No Website,car_repair,4.9,50,zeesautoservice@gmail.com
228,ChIJKWi7K6MKw4kRvSKIoySdP78,Rods Auto Body,(551) 214-6335,"325 US-46 W, Dover, NJ 07801, USA",,No Website,car_repair,4.6,22,rodsautobody@gmail.com
229,ChIJSR3DiGIKw4kRaDC6I4ZEpRY,Danny Auto Repair and Body,(973) 343-7685,"256 E Blackwell St, Dover, NJ 07801, USA",,No Website,car_repair,5,5,dannyautorepairandbody@gmail.com
249,ChIJU8I6hjwJw4kRgt6M6dSMYxw,Chopra Auto Care,(973) 627-0068,"261 Parsippany Rd, Parsippany, NJ 07054, USA",https://instagram.com/chopraautocare?igshid=YmMyMTA2M2Y=,Social Media Only,car_repair,4.6,114,chopraautocare@gmail.com
251,ChIJ819hjEQIw4kRo2b8RRypkKM,Mountain Lakes Motors,(973) 334-4992,"12 Baldwin Ln, Mountain Lakes, NJ 07046, USA",,No Website,car_repair,4.9,55,info@mountainlakesmotors.com
251,ChIJ819hjEQIw4kRo2b8RRypkKM,Mountain Lakes Motors,(973) 334-4992,"12 Baldwin Ln, Mountain Lakes, NJ 07046, USA",,No Website,car_repair,4.9,55,sales@mountainlakesmotors.com
252,ChIJSR3DiGIKw4kRaDC6I4ZEpRY,Danny Auto Repair and Body,(973) 343-7685,"256 E Blackwell St, Dover, NJ 07801, USA",,No Website,car_repair,5,5,info@dannyautorepairandbody.com
255,ChIJa2ZeqcKtw4kRNyPky9lqL-E,MC Auto Body Shop LLC,(973) 826-9000,"561 Lyons Ave, Irvington, NJ 07111, USA",,No Website,car_repair,5,57,info@mcautobodyshop.com
257,ChIJkTIVUlmzw4kRTOTc7pN_HuU,Creative Auto Collision,(908) 653-9600,"112 N 10th St, Kenilworth, NJ 07033, USA",https://www.facebook.com/pages/Creative-Towing/169257689756419,Social Media Only,car_repair,5,14,info@creativeautocollision.com
258,ChIJ40qYeb-tw4kR0chZYmwyTGo,Garden State Collision,(908) 686-9405,"2458 Morris Ave, Union, NJ 07083, USA",,No Website,car_repair,4.7,81,info@gardenstatecollision.com
259,ChIJe78SaeSvw4kRyg5hE6yjzC8,Easy Fix Auto Mechanic,(973) 433-9991,"569 Morris Ave, Springfield, NJ 07081, USA",,No Website,car_repair,5,30,info@easyfixautomechanic.com
260,ChIJ9VpZuaiqw4kRsmTCxrOD6_k,Mountain Auto Body Inc,(973) 744-1021,"16 Bloomfield Ave, Verona, NJ 07044, USA",,No Website,car_repair,4.5,37,info@mountainautobody.com
261,ChIJ17t-asuiw4kRdBd2VRwqr7U,Lowrie Auto Body,(908) 766-3588,"57 Morristown Rd, Bernardsville, NJ 07924, USA",,No Website,car_repair,5,4,lowrieautobody@gmail.com
262,ChIJ9SoEtneqw4kRbL1c0JmpCMs,North Jersey Collision,(973) 226-2251,"139 Roseland Ave, Caldwell, NJ 07006, USA",,No Website,car_repair,4.5,41,info@northjerseycollision.com
263,ChIJybDEXUyuw4kRR6vpY4_R6GI,Artie's Summit Center Garage Inc,(908) 277-6555,"15 Industrial Pl, Summit, NJ 07901, USA",,No Website,car_repair,4.9,44,service@artiesgarage.com
264,ChIJb0V8yxuzw4kRKNB5QdCVsfU,JERSEY DENTS LLC.,(908) 752-7548,"2211 Millburn Ave, Maplewood, NJ 07040, USA",,No Website,car_repair,4.9,132,info@jerseydents.com
265,ChIJc5oOyDdVwokRtjkXuwKn9tI,Clairmont Auto Body Inc,(973) 746-7472,"2 Bloomfield Ave, Montclair, NJ 07042, USA",,No Website,car_repair,4.9,91,info@clairmontautobody.com
266,ChIJAZzTDietw4kRI59OEBnqJPQ,AUTO BODY OF IRVINGTON,(973) 826-9000,"561 Lyons Ave, Irvington, NJ 07111, USA",,No Website,car_repair,5,8,autobodyirvington@gmail.com
267,ChIJN7BKDxWtw4kR3_gEVhor1bQ,Miky Auto Body Shop,(973) 826-9000,"561 Lyons Ave, Irvington, NJ 07111, USA",https://instagram.com/mikyautoservice?r=nametag,Social Media Only,car_repair,5,3,info@mikyautobody.com
268,ChIJRXh-FaCvw4kR-H3FJsHEk7Q,Marvin's Auto Care,(973) 635-7629,"18 Commerce St, Chatham, NJ 07928, USA",,No Website,car_repair,4.9,52,marvinsautocare@gmail.com
300,ChIJwV_1r2DGw4kRV2llRHg1pvA,Dave's Auto Body Service,(732) 846-1010,"114A Sandford St, New Brunswick, NJ 08901, USA",,No Website,car_repair,3,11,davesautobodyservice@gmail.com
302,ChIJUYOY90rGw4kR4k3idxEZzp8,Highland Park Service Center,(732) 246-7780,"126 Raritan Ave, Highland Park, NJ 08904, USA",,No Website,car_repair,4.9,107,info@highlandparkservicecenter.com
303,ChIJdbZT9fbHw4kRYfwZVJD8UD0,Central Jersey Garage,(732) 985-1312,"1614 Stelton Rd, Piscataway, NJ 08854, USA",,No Website,car_repair,3.2,13,centraljerseygarage@gmail.com
304,ChIJgW34pqPCw4kR-ucMdl-JLeo,T & M Automotive Repair & Sales LLC,(732) 305-7702,"3703 NJ-27, Princeton, NJ 08540, USA",,No Website,car_repair,4.8,58,tmautomotive@aol.com
306,ChIJxVt4FzeEwYkRonsOpAHxCG4,Point Pleasant Collision,(732) 899-9110,"3211 Bridge Ave, Point Pleasant Beach, NJ 08742, USA",,No Website,car_repair,5,535,info@pointpleasantcollision.com
308,ChIJh7j2bmCGwYkRwCioSPxUNZU,Jersey Shore Collision,(732) 292-0201,"2631 NJ-70 W, Manasquan, NJ 08736, USA",,No Website,car_repair,4.6,17,info@jerseyshorecollision.com
309,ChIJe-q1JM2HwYkRVl3AKSXyMVE,Monmouth Auto Body II,(732) 223-7600,"228 Parker Ave, Manasquan, NJ 08736, USA",,No Website,car_repair,4.4,76,monmouthautobody@gmail.com
341,ChIJWe0IkH13_IgR7tSbXhSDygQ,BPC MotorWorks - Jaguar Auto Repair,(843) 689-3278,"374 Spanish Wells Rd Ste f, Hilton Head Island, SC 29926, USA",,No Website,car_repair,4.4,30,bpcmotorworks@gmail.com
343,ChIJLzABSrZx_IgRS0AIUVgoPZY,Body Works,(843) 681-8000,"2 Mathews Ct, Hilton Head Island, SC 29926, USA",,No Website,car_repair,,,info@bodyworkshhi.com
370,ChIJ69dt5Y0L_IgR7fM1vEHAHDo,Ultimate Gloss Paint and Body,(843) 812-0685,"173 Stanley Rd, Beaufort, SC 29906, USA",,No Website,car_repair,4.6,13,info@ultimateglosspaintandbody.com
371,ChIJZZaml8mP-4gRjH2i_R-_Sgo,No Limit Auto Body Shop,(843) 815-6777,"20 Sable Dr #4, Bluffton, SC 29910, USA",,No Website,car_repair,4.9,149,contact@nolimitautobodyshop.com
372,ChIJb9u10nOaqIkRuCHnW2fJ71E,O'Neal's Body Shop,(252) 728-5902,"2339 Lennoxville Rd, Beaufort, NC 28516, USA",,No Website,car_repair,4.6,29,service@onealsbodyshop.com
373,ChIJBxX98z8L_IgRM6EpueY4Jeo,Per/ Dent Specialist,(843) 252-2818,"233 B, SC-128, Beaufort, SC 29902, USA",,No Website,car_repair,5,26,info@per-dentspecialist.com
374,ChIJFaQVC__t-4gRc4AIag3wwmQ,Aussie Auto Body,(843) 717-2800,"1010 Adams St, Ridgeland, SC 29936, USA",,No Website,car_repair,4.8,64,contact@aussieautobody.com
375,ChIJIfvU_uYM_IgRtnamFOOiwmI,Beaufort Auto Electric and Auto Repair,(843) 524-8021,"1350B Ribaut Rd, Port Royal, SC 29935, USA",,No Website,car_repair,4.2,73,info@beaufortautoelectric.com
376,ChIJZZaml8mP-4gRjH2i_R-_Sgo,No Limit Auto Body Shop,(843) 815-6777,"20 Sable Dr #4, Bluffton, SC 29910, USA",,No Website,car_repair,4.9,149,contact@nolimitautobodyshop.com
378,ChIJE4AuUxSJ-4gR9tsm3JB9lH0,BETTER COLLISION - Bluffton,(843) 707-0197,"1498 Fording Island Rd, Bluffton, SC 29910, USA",,No Website,car_repair,4.9,145,info@bettercollisionbluffton.com
379,ChIJMddcUQSJ-4gRc0YFJ-1HVI8,Bluffton Auto Body,(843) 757-2639,"39 Persimmon St Ste 504, Bluffton, SC 29910, USA",,No Website,car_repair,4.5,75,contact@blufftonautobody.com
400,ChIJdf3rMtSW-4gRejABabtQ__g,Palmetto Truck & Car Services,(843) 784-2585,"20987 Whyte Hardee Blvd, Hardeeville, SC 29927, USA",,No Website,car_repair,4.9,41,info@palmettotruckandcarservices.com
401,ChIJX2A1iASN-4gR5ZSsmfbClEM,European Auto Service LLC,(586) 588-5382,"292 Mackinlay Way unit B, Ridgeland, SC 29936, USA",,No Website,car_repair,4.9,29,service@europeanautoservicellc.com
402,ChIJi-fzBPlV-YgRoWK8RqWev4I,Carroll's Auto Body Shop,(843) 589-5845,"4508 Salkehatchie Rd, Early Branch, SC 29916, USA",https://www.facebook.com/Carrolls.fb,Social Media Only,car_repair,5,4,contact@carrollsautobody.com
404,ChIJZZaml8mP-4gRjH2i_R-_Sgo,No Limit Auto Body Shop,(843) 815-6777,"20 Sable Dr #4, Bluffton, SC 29910, USA",,No Website,car_repair,4.9,149,info@nolimitautobodyshop.com
405,ChIJE4AuUxSJ-4gR9tsm3JB9lH0,BETTER COLLISION - Bluffton,(843) 707-0197,"1498 Fording Island Rd, Bluffton, SC 29910, USA",,No Website,car_repair,4.9,145,bluffton@bettercollision.com
406,ChIJMddcUQSJ-4gRc0YFJ-1HVI8,Bluffton Auto Body,(843) 757-2639,"39 Persimmon St Ste 504, Bluffton, SC 29910, USA",,No Website,car_repair,4.5,75,contact@blufftonautobody.com
409,ChIJFaQVC__t-4gRc4AIag3wwmQ,Aussie Auto Body,(843) 717-2800,"1010 Adams St, Ridgeland, SC 29936, USA",,No Website,car_repair,4.8,64,info@aussieautobody.com
412,ChIJ5_u83JN7_ogRpbyhubCWTM4,Custom Auto Refinishing,(843) 556-5900,"1051 St Andrews Blvd, Charleston, SC 29407, USA",,No Website,car_repair,5,52,info@customautorefinishing.com
414,ChIJlXE8Iix7_ogRegZNcv-1HO0,Simmons Auto Paint & Body Shop,(843) 744-1992,"2150 Taft St, Charleston, SC 29405, USA",,No Website,car_repair,4.3,41,info@simmonsautopaintandbodyshop.com
415,ChIJqdmVXpF7_ogRYGOWw6jw_XQ,Yates Paint & Body Services,(843) 766-1648,"1106 Forbes Ave, Charleston, SC 29407, USA",,No Website,car_repair,4.3,28,info@yatespaintandbody.com
418,ChIJsaIsHVlw_ogRb0Xm3ouXp_M,McIntosh Imports,(843) 388-1558,"875 Walt Miller St, Mt Pleasant, SC 29464, USA",,No Website,car_repair,4.7,60,info@mcintoshimports.com
441,ChIJq6paYLpk_ogRBF6bwnQEzaI,Kings Auto Body,(843) 747-0000,"2140 Beaufort Ave Ste b4, North Charleston, SC 29405, USA",https://www.facebook.com/kingsautobody/|https://www.kingsautobody.com/,Social Media Only,car_repair,4.3,29,info@kingsautobody.com
450,ChIJBdVGlDWB_ogRlDQwckwYsAo,Simmons Collison,(843) 459-5868,"3704 State Rd S-10-1333, Johns Island, SC 29455, USA",,No Website,car_repair,5,82,info@simmonscollision.com
451,ChIJb5gd77pk_ogRdZMHgarf32o,Smiths Paint and Body North Charleston,(843) 530-0007,"Off Barnwell, 4264 Meeting St #2, North Charleston, SC 29405, USA",,No Website,car_repair,4.2,29,info@smithspaintandbody.com
453,ChIJz6Km1QV9_ogRMIvvcYydk4U,Tideline Automotive,(843) 380-7055,"1949 Dulsey Rd Ste 202, Charleston, SC 29407, USA",https://instagram.com/tideline_auto?igshid=YmMyMTA2M2Y=,Social Media Only,car_repair,5,31,info@tidelineautomotive.com
455,ChIJGXAx7lV7_ogRZxoS884mgl8,Absolute Auto Services LLC,(843) 747-4234,"7332 Peppermill Pkwy, North Charleston, SC 29418, USA",,No Website,car_repair,5,9,absoluteautoservicesllc@gmail.com
462,ChIJ_-qWCZOshYgR7z4dULOkSGk,Rainbows Paint & Body Shop,(912) 964-5067,"1288 US-80, Pooler, GA 31322, USA",,No Website,car_repair,4.7,97,info@rainbowspaintandbody.com
464,ChIJA8ig-y6b-4gRXTxNRKjmS-M,Jason's Auto Body,(843) 784-3368,"3549 S Okatie Hwy, Hardeeville, SC 29927, USA",,No Website,car_repair,5,110,info@jasonsautobody.com
466,ChIJ4SOxrigF-4gRWfU89BwWmHI,Personal Touch Collision,(912) 756-2115,"7382 US-17, Richmond Hill, GA 31324, USA",,No Website,car_repair,4.7,85,info@personaltouchcollision.com
469,ChIJU-7X-eCh-4gRjxDnkXEaqNE,Jeff Ashley's Auto Body,(912) 966-0030,"5149 Augusta Rd, Garden City, GA 31408, USA",,No Website,car_repair,4.6,18,info@jeffashleysautobody.com
476,ChIJBc05cRie-4gRoQ9NCyVUC70,"Parrish Auto Repair, Inc.",(912) 236-4797,"2501 Habersham St, Savannah, GA 31401, USA",https://www.facebook.com/parrishautorepairsavannah/,Social Media Only,car_repair,4.5,175,parrishautorepair@gmail.com
480,ChIJ5505_0N1-4gRFJ5lqEQUXCo,Evident Auto Body & Paint,(912) 355-0000,"101 Eisenhower Dr, Savannah, GA 31406, USA",,No Website,car_repair,,,info@evidentautobody.com
484,ChIJdcB_KyOe-4gR40982nSsk_Q,Autoworks,(912) 236-0671,"14 Maupas Ave, Savannah, GA 31401, USA",,No Website,car_repair,4.4,87,autoworkssavannah@gmail.com
485,ChIJHQJjwE10-4gRnjk2yECyxyw,Mall Auto Repairs,(912) 925-2233,"76 W Montgomery Cross Rd, Savannah, GA 31406, USA",,No Website,car_repair,4.8,195,mallautorepairs@gmail.com
486,ChIJMddcUQSJ-4gRc0YFJ-1HVI8,Bluffton Auto Body,(843) 757-2639,"39 Persimmon St Ste 504, Bluffton, SC 29910, USA",,No Website,car_repair,4.5,75,info@blufftonautobody.com
487,ChIJRZDzhIZ1-4gRY5-2M4e2ouM,Scorpion Motorsports,(912) 631-0456,"3912 Waters Ave, Savannah, GA 31404, USA",https://m.facebook.com/profile.php?id=233056050089314&__user=174503790,Social Media Only,car_repair,4.3,12,info@scorpionmotorsports.com
488,ChIJ_-qWCZOshYgR7z4dULOkSGk,Rainbows Paint & Body Shop,(912) 964-5067,"1288 US-80, Pooler, GA 31322, USA",,No Website,car_repair,4.7,97,rainbowspaintandbody@gmail.com
489,ChIJoSBYcfen-4gR3OZDlqMOWLg,Diekempers Auto Body,(912) 313-5750,"3 Tuten Ave, Bloomingdale, GA 31302, USA",,No Website,car_repair,5,38,diekempersautobody@gmail.com
498,ChIJBc05cRie-4gRoQ9NCyVUC70,"Parrish Auto Repair, Inc.",(912) 236-4797,"2501 Habersham St, Savannah, GA 31401, USA",https://www.facebook.com/parrishautorepairsavannah/,Social Media Only,car_repair,4.5,175,parrishautorepair@gmail.com
557,ChIJhX8IqZEIw4kRFdP7ccQWSYA,West Main Automotive,(973) 299-0606,"125 W Main St, Boonton, NJ 07005, USA",,No Website,car_repair,4.8,40,westmainauto@gmail.com
591,ChIJ-xzmnXaDw4kRNRBsvIB2xxo,Precise Collision & Restoration,(908) 441-2786,"141 Mountain Ave, Hackettstown, NJ 07840, USA",,No Website,car_repair,4.7,29,info@precisecollisionnj.com
596,ChIJe_kcOcKDw4kRcjZQG9LgoB8,Cycle Pro LLC,(908) 850-1955,"107 US-46, Hackettstown, NJ 07840, USA",,No Website,store,4.8,115,cyclepronj@gmail.com
597,ChIJw7YTCqGDw4kRJVijviAxLD0,Exoticustom Inc,(908) 979-9595,"101 Main St, Hackettstown, NJ 07840, USA",,No Website,auto_parts_store,4.8,86,info@exoticustom.com
598,ChIJB_30oceBxIkRzFiIdQ01iro,The Auto Shop,(908) 362-6156,"138 NJ-94, Blairstown, NJ 07825, USA",,No Website,car_repair,4.8,119,theautoshopnj@gmail.com
599,ChIJ73UK0tCfw4kRDWrPk_NwTwg,Kenvil Automotive Inc,(973) 584-9121,"709 US-46, Kenvil, NJ 07847, USA",,No Website,car_repair,4.9,115,kenvilauto@optonline.net
641,ChIJCysFt1QLw4kRvc8cSX-INyE,L&V Auto Expert,(862) 832-7369,"280 W Clinton St, Dover, NJ 07801, USA",,No Website,car_repair,2.6,5,info@lvautoexpert.com
642,ChIJ5WZhBDEKw4kRWV89skIijGQ,S.G. ELITE AUTO LLC,(973) 343-6444,"62 W Main St, Rockaway, NJ 07866, USA",,No Website,car_repair,4.6,46,sgeliteauto@gmail.com
643,ChIJLyzDWxCgw4kRA1z9E0yCN6M,Randolph Auto Care,(973) 442-4695,"1020 NJ-10 W, Randolph, NJ 07869, USA",,No Website,car_repair,4.9,47,randolphautocare@gmail.com
644,ChIJH1ksIKsKw4kRa1Bzrkvv94I,Madsen Auto Restoration,(973) 366-3877,"431 E Blackwell St, Dover, NJ 07801, USA",,No Website,car_repair,4.5,13,info@madsenautorestoration.com
645,ChIJxzFF_0ufw4kRahmwzRoHrBc,524 Service & Auto Repair,(908) 887-4669,"524 US-46, Kenvil, NJ 07847, USA",,No Website,car_repair,5,80,524service@gmail.com
646,ChIJYyARyWygw4kRbjRwFYHdy1s,Randolph Auto Repair and Towing- Servicio de Grua,(973) 641-2384,"208 S Salem St, Randolph, NJ 07869, USA",,No Website,service,5,24,randolphautorepairandtowing@gmail.com
647,ChIJl1WUsB8Iw4kRQ7k-rANVZU0,STEVE'S AUTO REPAIR,(973) 887-8850,"204 Parsippany Rd, Parsippany, NJ 07054, USA",,No Website,car_repair,3.8,64,stevesautorepairnj@gmail.com
648,ChIJH8tADJoJw4kR_nRjyg7MyAU,Denville Automotive,(973) 784-4535,"107 US-46, Denville, NJ 07834, USA",,No Website,car_repair,4.7,159,denvilleautomotive@gmail.com
649,ChIJPRCD3usJw4kRuOA-kBXsMPA,Romeo's Automotive Services,(973) 625-4131,"391 E Main St, Denville, NJ 07834, USA",,No Website,car_repair,4.9,96,romeosautomotive@gmail.com
650,ChIJU8I6hjwJw4kRgt6M6dSMYxw,Chopra Auto Care,(973) 627-0068,"261 Parsippany Rd, Parsippany, NJ 07054, USA",https://instagram.com/chopraautocare?igshid=YmMyMTA2M2Y=,Social Media Only,car_repair,4.6,114,chopraautocare@gmail.com
651,ChIJ819hjEQIw4kRo2b8RRypkKM,Mountain Lakes Motors,(973) 334-4992,"12 Baldwin Ln, Mountain Lakes, NJ 07046, USA",,No Website,car_repair,4.9,55,mountainlakesmotors@gmail.com
652,ChIJK0hZ_LcHw4kRK6SVlh011vU,Steve's Foreign Car,(973) 316-9282,"70 N Beverwyck Rd, Lake Hiawatha, NJ 07034, USA",,No Website,car_repair,4.4,84,stevesforeigncar@gmail.com
653,ChIJvbc3O9Cnw4kR8bB897Cf3Zg,Rumbello Auto Repair,(973) 515-8818,"630 NJ-10, Whippany, NJ 07981, USA",,No Website,car_repair,4.8,89,rumbelloautorepair@gmail.com
654,ChIJhX8IqZEIw4kRFdP7ccQWSYA,West Main Automotive,(973) 299-0606,"125 W Main St, Boonton, NJ 07005, USA",,No Website,car_repair,4.8,40,westmainauto@gmail.com
656,ChIJbe_5phoHw4kRi_u6XJIkhxU,Foreign Cars Service,(973) 627-0068,"30 W Main St, Denville, NJ 07834, USA",https://www.facebook.com/ForeignCarsService/,Social Media Only,car_repair,5,9,foreigncarsservice@gmail.com
657,ChIJG3hnZ6kHw4kRHrV_gWHdUes,Broad ST AUTO REPAIR,(973) 263-1111,"141 N Beverwyck Rd, Lake Hiawatha, NJ 07034, USA",https://www.facebook.com/broad.st.auto.repairs/,Social Media Only,car_repair,4.8,62,broadstautorepair@gmail.com
659,ChIJOWzEvsOnw4kRz1Iqe8ltj7w,Brunner's Garage,(973) 887-0075,"159 Parsippany Rd, Whippany, NJ 07981, USA",,No Website,car_repair,4.6,14,brunnersgarage@gmail.com
680,ChIJq6oGrp-rw4kRHlGNJybAL9c,Auto Repair Solutions,(973) 736-2743,"399 Northfield Ave, West Orange, NJ 07052, USA",,No Website,car_repair,5,9,autorepairsolutionsnj@gmail.com
681,ChIJH6EzbWGvw4kRtsnP_V4hRq8,Dave's Auto Repair,(973) 377-0696,"274 Main St, Madison, NJ 07940, USA",,No Website,car_repair,4.7,34,davesautorepairmadison@gmail.com
682,ChIJ4RrlA7yow4kRCFGGC36UZPg,A & R Auto Repair,(973) 377-2777,"84 Columbia Turnpike, Florham Park, NJ 07932, USA",,No Website,car_repair,3.9,36,arautorepairnj@gmail.com
683,ChIJtex2TJWpw4kRjQH5MAxBvLY,G & A Auto Repair,(973) 992-1356,"266 S Orange Ave, Livingston, NJ 07039, USA",,No Website,car_repair,4.8,19,gaautorepairnj@gmail.com
684,ChIJi7Ii74isw4kRPvok0uC5aio,All Star Motors,(973) 762-8771,"164 Valley St, South Orange Village, NJ 07079, USA",,No Website,car_repair,4.4,114,allstarmotorsnj@gmail.com
685,ChIJt-0NVrCtw4kRRl-Y8Vc9c4k,Randy's Tire Shop LLC,(908) 688-2150,"2425 Vauxhall Rd, Union, NJ 07083, USA",,No Website,car_repair,4.8,54,randystireshop@gmail.com
686,ChIJAW-WSIiuw4kRhut35tbjUTA,Short Hills Fuel & Service Center,(973) 376-9705,"46 Chatham Rd, Short Hills, NJ 07078, USA",,No Website,gas_station,4.9,34,shorthillsfuel@gmail.com
687,ChIJnSO7rKCtw4kRF0yimRsEznk,A J Auto Repair LLC,(908) 688-5308,"1276 Stuyvesant Ave., Union, NJ 07083, USA",,No Website,car_repair,3.9,106,ajautorepairllc@gmail.com
688,ChIJkxFaTwitw4kRSZowvEfpYyQ,Clarke's Auto Repair,(908) 687-5900,"1380 Stuyvesant Ave., Union, NJ 07083, USA",,No Website,car_repair,4.7,65,clarkesautorepair@gmail.com
689,ChIJG3hnZ6kHw4kRHrV_gWHdUes,Broad ST AUTO REPAIR,(973) 263-1111,"141 N Beverwyck Rd, Lake Hiawatha, NJ 07034, USA",https://www.facebook.com/broad.st.auto.repairs/,Social Media Only,car_repair,4.8,62,broadstautorepair@gmail.com
730,ChIJ-2ZOLLC5w4kRTmcRVEJHwrk,Stelton Auto Care,(848) 467-0831,"700 Hamilton Blvd, South Plainfield, NJ 07080, USA",https://www.facebook.com/steltonautocare,Social Media Only,car_repair,4.8,230,steltonautocare@gmail.com
731,ChIJV9SO1LLAw4kRkmowMi-HL_Q,GPR Automotive LLC,(732) 885-1029,"595 River Rd, Piscataway, NJ 08854, USA",,No Website,car_repair,4.7,33,gprautomotive@gmail.com
734,ChIJk1sNwF6_w4kRBRJtEqyHdCc,M & J Services Center,(732) 564-9808,"145 River Rd, Middlesex, NJ 08846, USA",,No Website,car_repair,4.9,33,mandjservicescenter@gmail.com
735,ChIJpSnD0Uq4w4kRoZ4YJrmRokU,Sanjay Auto Repair,(908) 548-8174,"2100 S Clinton Ave, South Plainfield, NJ 07080, USA",,No Website,car_repair,4.7,340,sanjayautorepair@gmail.com
737,ChIJU38jIXe_w4kRWZhjOJRXqlI,RCM Automotive LLC,(732) 893-8777,"261 W Union Ave #1334, Bound Brook, NJ 08805, USA",,No Website,car_repair,4.9,101,rcmautomotive@gmail.com
738,ChIJ00Prqty4w4kR5Cbfp6V4gr0,A-1 German Car Service,(732) 968-0037,"206 Wilton Ave, Middlesex, NJ 08846, USA",,No Website,car_repair,4.8,69,a1germancarservice@gmail.com
739,ChIJu-6lZ7y5w4kRsnUe3_XrMYc,Clinton & 7th Service,(908) 561-5355,"704 Clinton Ave, South Plainfield, NJ 07080, USA",,No Website,car_repair,4.9,32,clintonand7thservice@gmail.com
750,ChIJ1ffWkNS5w4kRlZqPuvG84Lg,Goodtime Auto Repair,(908) 753-4337,"101 Oak Tree Ave, South Plainfield, NJ 07080, USA",,No Website,car_repair,4.4,46,info@goodtimeautorepair.com
751,ChIJk84Ve8-3w4kRE8wk3o0UQac,Rudra Auto Repair,(732) 662-4871,"408 Hamilton Blvd, South Plainfield, NJ 07080, USA",,No Website,car_repair,4.8,246,rudraautorepair@gmail.com
752,ChIJU5yvsbjHw4kR3uwSNKsquKI,New Brunswick Auto Repairs,(732) 339-8900,"120 Sandford St Suite 125 Building 3, New Brunswick, NJ 08901, USA",,No Website,car_repair,4.2,33,contact@newbrunswickautorepairs.com
753,ChIJfWBVSi2_w4kRcH5Beg-xZbs,Brookside Automotive Repair,(732) 752-0000,"665 South Ave, Piscataway, NJ 08854, USA",,No Website,car_repair,5,3,service@brooksideautomotive.com
754,ChIJgW34pqPCw4kR-ucMdl-JLeo,T & M Automotive Repair & Sales LLC,(732) 305-7702,"3703 NJ-27, Princeton, NJ 08540, USA",,No Website,car_repair,4.8,58,sales@tmautomotiveprinceton.com
755,ChIJJU15wEijw4kRw59vloYCtBo,Euro Garage,(908) 560-0200,"919 State Rd, Princeton, NJ 08540, USA",,No Website,car_repair,4.9,94,info@eurogarageprinceton.com
756,ChIJB5VXA9OFwYkRNkbiBZ1joBo,Mike's A to Z Auto Service and Repair,(732) 892-4333,"2409 NJ-88, Point Pleasant, NJ 08742, USA",https://www.facebook.com/profile.php?id=100093208099410,Social Media Only,car_repair,4.9,70,mikesatozauto@gmail.com
757,ChIJ3REYgOeFwYkR8UcXrk8BhAY,Elliott's Auto Care,(732) 899-3222,"656 NJ-88, Point Pleasant, NJ 08742, USA",,No Website,car_repair,4.8,63,info@elliottsautocare.com
758,ChIJdVXe2zCEwYkRWpHnaMomun8,D & D Services,(732) 892-9494,"3145 NJ-88, Point Pleasant, NJ 08742, USA",,No Website,car_repair,4.9,212,contact@ddservicesnj.com
759,ChIJKbEApcmcwYkRscB4wuxqOyc,JD's Automotive,(609) 276-6603,"2901 Bridge Ave, Point Pleasant, NJ 08742, USA",,No Website,car_repair,4.8,55,jdsautomotive@outlook.com
776,ChIJh7j2bmCGwYkRwCioSPxUNZU,Jersey Shore Collision,(732) 292-0201,"2631 NJ-70 W, Manasquan, NJ 08736, USA",,No Website,car_repair,4.6,17,jerseyshorecollision@gmail.com
778,ChIJe-q1JM2HwYkRVl3AKSXyMVE,Monmouth Auto Body II,(732) 223-7600,"228 Parker Ave, Manasquan, NJ 08736, USA",,No Website,car_repair,4.4,76,monmouthautobody@gmail.com
856,ChIJx4qN4uYM_IgRB956TckWlRw,Sutcliffe Audio,(843) 524-3772,"1351 Ribaut Rd # E, Port Royal, SC 29935, USA",https://www.facebook.com/SUTCLIFFEAUDIO/|https://sutcliffeaudio.com,Social Media Only,electronics_store,4.9,37,sutcliffeaudio@gmail.com
871,ChIJA8ig-y6b-4gRXTxNRKjmS-M,Jason's Auto Body,(843) 784-3368,"3549 S Okatie Hwy, Hardeeville, SC 29927, USA",,No Website,car_repair,5,110,info@jasonsautobody.com
872,ChIJA5xBb-eN-4gR6mMRv0q6Ne8,All In Garage,(843) 784-3800,"200 Mead Rd Ste A, Hardeeville, SC 29927, USA",,No Website,car_repair,4.7,132,info@allingarage.com
873,ChIJdf3rMtSW-4gRARYUAbz8lUE,J & C Auto & Diesel Services,(843) 784-5161,"25144 Whyte Hardee Blvd, Hardeeville, SC 29927, USA",,No Website,car_repair,4.5,92,info@jcautodiesel.com
874,ChIJdf3rMtSW-4gR17yfuXL8h2g,"R&K Repair Services, Inc",(843) 784-3040,"705 Hummingbird Ln, Hardeeville, SC 29927, USA",,No Website,car_repair,4.7,95,info@rkrepairservices.com
875,ChIJl-0rPVGR-4gRcsvWUO-GjTM,Cano's Auto Care,(843) 505-5443,"29730 Whyte Hardee Blvd, Hardeeville, SC 29927, USA",,No Website,car_repair,4.6,55,info@canosautocare.com
876,ChIJdf3rMtSW-4gRejABabtQ__g,Palmetto Truck & Car Services,(843) 784-2585,"20987 Whyte Hardee Blvd, Hardeeville, SC 29927, USA",,No Website,car_repair,4.9,41,info@palmettotruckandcarservices.com
877,ChIJq6qqqvGI-4gRCKDD78Niv10,Auto Doctors Inc,(843) 837-2200,"172 Mead Rd, Hardeeville, SC 29927, USA",https://www.facebook.com/Auto-Doctors-Inc-192328677458147/,Social Media Only,car_repair,4.8,93,info@autodoctorsinc.com
879,ChIJA8ig-y6b-4gRXTxNRKjmS-M,Jason's Auto Body,(843) 784-3368,"3549 S Okatie Hwy, Hardeeville, SC 29927, USA",,No Website,car_repair,5,110,info@jasonsautobody.com
891,ChIJA5xBb-eN-4gR6mMRv0q6Ne8,All In Garage,(843) 784-3800,"200 Mead Rd Ste A, Hardeeville, SC 29927, USA",,No Website,car_repair,4.7,132,allingarage@gmail.com
892,ChIJZZaml8mP-4gRjH2i_R-_Sgo,No Limit Auto Body Shop,(843) 815-6777,"20 Sable Dr #4, Bluffton, SC 29910, USA",,No Website,car_repair,4.9,149,nolimitautobodyshop@gmail.com
893,ChIJ77znWgCJ-4gRkNpLOOYFoo0,Tire Masters & Auto Repair,(843) 816-8589,"1204 Fording Island Rd Ste E, Bluffton, SC 29910, USA",https://www.facebook.com/share/19wz3v1tdU/?mibextid=wwXIfr,Social Media Only,car_repair,5,15,tiremastersbluffton@gmail.com
894,ChIJMddcUQSJ-4gRc0YFJ-1HVI8,Bluffton Auto Body,(843) 757-2639,"339 Persimmon St Ste 504, Bluffton, SC 29910, USA",,No Website,car_repair,4.5,75,blufftonautobody@gmail.com
897,ChIJq6qqqvGI-4gRCKDD78Niv10,Auto Doctors Inc,(843) 837-2200,"172 Mead Rd, Hardeeville, SC 29927, USA",https://www.facebook.com/Auto-Doctors-Inc-192328677458147/,Social Media Only,car_repair,4.8,93,autodoctorsinc@gmail.com
905,ChIJ9VHxIaJ3_IgRYONxAbCblf8,RV1 Repair & Restoration,(843) 291-3722,"25 Grande Oaks Dr, Bluffton, SC 29910, USA",,No Website,car_repair,4.6,62,info@rv1repair.com
944,ChIJY6jkgHx__ogReHnV60L0uaM,Harbor Car Care,(843) 559-9944,"3315 Maybank Hwy, Johns Island, SC 29455, USA",,No Website,car_repair,4.7,120,harborcarcare@gmail.com
947,ChIJeRSHvuJw_ogRO4WLaG0feWg,Zip's Kar Kare,(843) 884-1171,"412 Coleman Blvd, Mt Pleasant, SC 29464, USA",,No Website,car_repair,4.8,158,zipskarkare@gmail.com
949,ChIJsaIsHVlw_ogRb0Xm3ouXp_M,McIntosh Imports,(843) 388-1558,"875 Walt Miller St, Mt Pleasant, SC 29464, USA",,No Website,car_repair,4.7,60,mcintoshimports@gmail.com
950,ChIJjSzdxPB6_ogR51IMWmhqfUM,Reputable Volvo Services,(843) 722-2411,"1 Cunnington Ave, Charleston, SC 29405, USA",,No Website,car_repair,4.8,86,reputablevolvoservices@gmail.com
951,ChIJ6YAdLQB7_ogRDpbUqKkSuP8,Onsite Charleston Mobile Mechanic,(843) 804-8880,"203 Grove St, Charleston, SC 29403, USA",,No Website,car_repair,1,1,onsitecharleston@gmail.com
952,ChIJ8eFzbiV7_ogR7l1cbUlbE7Y,east bay automotive,(843) 722-7777,"43 E Bay St, Charleston, SC 29401, USA",,No Website,car_repair,,,eastbayautomotive@gmail.com
953,ChIJqdmVXpF7_ogRYGOWw6jw_XQ,Yates Paint & Body Services,(843) 766-1648,"1106 Forbes Ave, Charleston, SC 29407, USA",,No Website,car_repair,4.3,28,yatespaintandbody@gmail.com
954,ChIJHQJjwE10-4gRnjk2yECyxyw,Mall Auto Repairs,(912) 925-2233,"76 W Montgomery Cross Rd, Savannah, GA 31406, USA",,No Website,car_repair,4.8,195,mallautorepairs@gmail.com
955,ChIJBc05cRie-4gRoQ9NCyVUC70,"Parrish Auto Repair, Inc.",(912) 236-4797,"2501 Habersham St, Savannah, GA 31401, USA",https://www.facebook.com/parrishautorepairsavannah/,Social Media Only,car_repair,4.5,175,parrishautorepair@gmail.com
956,ChIJ31834Paf-4gRa0wDidZApZQ,Prewitt's ARS Inc,(912) 236-7042,"13 Southern Oaks Ct, Savannah, GA 31405, USA",,No Website,car_repair,4.8,165,prewittsars@gmail.com
957,ChIJV2oQnIJ1-4gRyxntbK6rGhI,Jesse's Automotive LLC,(912) 352-3337,"437 Staley Ave, Savannah, GA 31405, USA",,No Website,car_repair,4.7,146,jessesautomotivellc@gmail.com
958,ChIJdcB_KyOe-4gR40982nSsk_Q,Autoworks,(912) 236-0671,"14 Maupas Ave, Savannah, GA 31401, USA",,No Website,car_repair,4.4,87,autoworkssavannah@gmail.com
959,ChIJzd0piJt1-4gRuGdci5Rqzr0,Tom Blanchard Automotive Repair,(912) 441-1115,"111 W Derenne Ave, Savannah, GA 31405, USA",,No Website,car_repair,4.8,33,tomblanchardautomotive@gmail.com
986,ChIJD0VYFgs_8yoRiFJeJBeyAcg,Southeast Fleet Services – Mobile Truck & Trailer Repair,(912) 787-0218,"100 US-80, Bloomingdale, GA 31302, USA",https://www.facebook.com/profile.php?id=61561194345737&name=xhp_nt__fb__action__open_user|https://www.southeastfleetservices.com,Social Media Only,car_repair,4.8,16,info@southeastfleetservices.com
994,ChIJl3QyNxArK4gRY6UWR-gKXcM,Richmond Hill Auto Service,(437) 688-2888,"10731 Yonge St, Richmond Hill, ON L4C 3E1, Canada",,No Website,car_repair,5,52,info@richmondhillautoservice.ca
997,ChIJW-TVKn0J-4gRy80i-7p8vWc,Automotive Repair on Wheels,(912) 201-3073,"5915 Ogeechee Rd, Savannah, GA 31419, USA",,No Website,tire_shop,3.7,146,automotiverepaironwheels@gmail.com
998,ChIJy7ZdfoN_-4gRBa868d8WPrw,Tybee Island Taxi Service,(912) 786-8688,"777 1st St, Tybee Island, GA 31328, USA",,No Website,transportation_service,2.5,57,tybeeislandtaxi@gmail.com
999,ChIJx3mNPZd_-4gRWmpWePldIwc,Islands Taxi,(912) 786-8688,"10 Campbell Ave, Tybee Island, GA 31328, USA",,No Website,transportation_service,2.5,26,tybeeislandtaxi@gmail.com
1002,ChIJvznBiH_a5IgRiEbT9JpFF_A,"Island Automotive Center, Inc.",(912) 638-0888,"1950 Demere Rd, St Simons Island, GA 31522, USA",,No Website,car_repair,4.1,129,islandauto@bellsouth.net
1018,ChIJOUfSfwqdw4kRF764WmK1RU8,The Fade Den II,(973) 668-5665,"286 US-206, Flanders, NJ 07836, USA",https://instagram.com/thefadeden2,Social Media Only,barber_shop,5,87,thefadeden@gmail.com
1047,ChIJESPATaKlw4kRTUDu6zkkSj8,#34 - V's Barbershop - Chatham,(973) 377-3900,"641 Shunpike Rd Ste. 46, Chatham Township, NJ 07928, USA",,No Website,barber_shop,4.8,257,chatham@vbarbershop.com
1141,ChIJY8Bn_GQyx4kRW_nf6NNBhTs,Couture Salon & Barbering,(856) 839-0121,"615 E Elmer St, Vineland, NJ 08360, USA",,No Website,beauty_salon,4.9,14,info@couturesalonbarbering.com
1144,ChIJqyftpmQyx4kRvSU5qymJpVE,Renew Me Hair Salon,(856) 839-4479,"709 E Landis Ave Ste b, Vineland, NJ 08360, USA",,No Website,beauty_salon,4.8,35,renewmehairsalon@gmail.com
1146,ChIJqcSsjzMyx4kR60sM6xiRPhc,Next Level Barber Shop,N/A,"1668 S Delsea Dr, Vineland, NJ 08360, USA",,No Website,barber_shop,4,5,nextlevelbarbershopnj@gmail.com
1149,ChIJK5nHhwwyx4kRAZjH44fz62Y,It's Hair With Flair,(856) 205-9100,"907 N Main Rd #205, Vineland, NJ 08360, USA",,No Website,hair_salon,4.8,94,itshairwithflair@gmail.com
1170,ChIJ-3HqY7xx_IgR5ANtXaQOp4A,Jesse Tramuta Inc.,(843) 898-1469,"95 Mathews Dr Ste 7, Hilton Head Island, SC 29926, USA",,No Website,barber_shop,,,jesse@jessetramuta.com
1192,ChIJt4JLUowN_IgRorEbCCCRobo,Mystic Blu,(843) 524-2583,"2 Merchants Ln #111, Beaufort, SC 29907, USA",,No Website,massage,4.7,19,info@mysticblu.com
1194,ChIJi6ovMrIN_IgR_jELVt5rrHM,Finder's Keepers,(843) 525-9200,"920 Bay St, Beaufort, SC 29902, USA",,No Website,store,4.6,38,finderskeepersbeaufort@gmail.com
1246,ChIJDzuAYt5x_ogRt1VtiDsrloI,For All Man Kind Hair Studio,(843) 388-5000,"648A Long Point Rd, Mt Pleasant, SC 29464, USA",http://www.instagram.com/forallmankindstudio,Social Media Only,barber_shop,4.9,29,forallmankindhairstudio@gmail.com
1276,ChIJX1mpOxJ6_ogRo-C2VQIfhRA,Palmetto Barbershop,(843) 805-6500,"129 Market St # B, Charleston, SC 29401, USA",,No Website,barber_shop,4.6,160,info@palmettobarbershop.com
1392,ChIJ7x3Cze6dw4kRE7iGRHhBtl8,"Zehnbauer's Kitchen, Bath & More",(973) 448-9003,"186 Gold Mine Rd Suite B, Flanders, NJ 07836, USA",,No Website,service,5,4,info@zehnbauers.com
1398,ChIJibFG-eoKw4kRc1poSbRbUEc,Restorex Kitchen & Bathroom Remodeling,(201) 230-9748,"2 White St, Dover, NJ 07801, USA",,No Website,general_contractor,5,1,info@restorexnj.com
1399,ChIJ3aj-Cz4Bw4kRiexgfPmLm44,MCJ Kitchen And Bath,(551) 257-9059,"466 Pompton Ave, Cedar Grove, NJ 07009, USA",,No Website,general_contractor,4.9,51,info@mcjkitchenandbath.com
1400,ChIJAQDsZ3yuw4kRhmLA9zSEHhs,Paul Master Contractors LLC,(973) 379-8817,"514 Millburn Ave, Short Hills, NJ 07078, USA",,No Website,general_contractor,5,1,paulmastercontractors@gmail.com
1401,ChIJne2zwCusw4kR8b-rqu47xVs,Christopher Peacock Short Hills,(973) 376-7070,"14 Main St, Millburn, NJ 07041, USA",https://www.instagram.com/christopherpeacockshorthills?igsh=MXBseHVjMXp6Z29oYQ==,Social Media Only,general_contractor,5,6,shorthills@peacockhome.com
1402,ChIJ3aj-Cz4Bw4kRiexgfPmLm44,MCJ Kitchen And Bath,(551) 257-9059,"466 Pompton Ave, Cedar Grove, NJ 07009, USA",,No Website,general_contractor,4.9,51,info@mcjkitchenandbath.com
1403,ChIJhchdV3ypw4kRw0EersCBxic,"Highgate Design, LLC",(973) 921-9888,"508 Millburn Ave, Short Hills, NJ 07078, USA",,No Website,furniture_store,3,6,info@highgatedesign.com
1404,ChIJ0yhsclGRw4kRrWXbP3UgAMM,Murphy Kitchen and Bath Construction,(908) 520-9722,"7 Rinehart Ln, Pottersville, NJ 07979, USA",https://www.instagram.com/murphykitchenandbath?igsh=MXE3cXFjeXM4NGxoeg==&utm_source=qr,Social Media Only,service,5,33,murphykitchenandbath@gmail.com
1405,ChIJibFG-eoKw4kRc1poSbRbUEc,Restorex Kitchen & Bathroom Remodeling,(201) 230-9748,"2 White St, Dover, NJ 07801, USA",,No Website,general_contractor,5,1,info@restorexnj.com
1406,ChIJtf1cwjnEw4kRTACzSc57HQ8,Bathroom Remodeling New Jersey,(973) 332-3904,"32 Plains Gap Rd, North Brunswick Township, NJ 08902, USA",,No Website,general_contractor,5,2,info@bathroomremodelingnewjersey.com
1407,ChIJaYCi-uTHw4kR0FRfUmc7HAc,Miguel C & Brothers Construction LLC,(732) 984-2174,"238 Livingston Ave, New Brunswick, NJ 08901, USA",,No Website,general_contractor,5,48,miguelcbrothersconstruction@gmail.com
1408,ChIJ0ysIeZV2iwQRTFuvh730gBQ,"JABE Construction LLC - Construction and Remodeling, General Construction Company New Brunswick NJ",(732) 402-3147,"329 Suydam St, New Brunswick, NJ 08901, USA",,No Website,general_contractor,5,4,jabeconstructionllc@gmail.com
1409,ChIJtf1cwjnEw4kRTACzSc57HQ8,Bathroom Remodeling New Jersey,(973) 332-3904,"32 Plains Gap Rd, North Brunswick Township, NJ 08902, USA",,No Website,general_contractor,5,2,info@bathroomremodelingnewjersey.com
1412,ChIJ3aj-Cz4Bw4kRiexgfPmLm44,MCJ Kitchen And Bath,(551) 257-9059,"466 Pompton Ave, Cedar Grove, NJ 07009, USA",,No Website,general_contractor,4.9,51,info@mcjkitchenandbath.com
1415,ChIJibFG-eoKw4kRc1poSbRbUEc,Restorex Kitchen & Bathroom Remodeling,(201) 230-9748,"2 White St, Dover, NJ 07801, USA",,No Website,general_contractor,5,1,info@restorexnj.com
1416,ChIJM0A-QM-FwYkRuuW33gBk5S0,Dream Home Builders LLC,(732) 714-2180,"2209 Taylor Ave, Point Pleasant, NJ 08742, USA",,No Website,general_contractor,5,8,info@dreamhomebuildersnj.com
1419,ChIJiRGNFdMtx4kRtWKUB1e7oZ0,UNDER BUDGET HOME IMPROVEMENT,(856) 896-5861,"224 Laurel St, Vineland, NJ 08360, USA",,No Website,home_improvement_store,5,3,info@underbudgethomeimprovement.com
1443,ChIJdaU5rnAM_IgRLzUDS6Rrr5c,Kitchen Design Center,(843) 521-1532,"54 Jennings Rd, Beaufort, SC 29906, USA",,No Website,general_contractor,5,1,kitchendesigncenter@embarqmail.com
1449,ChIJX-OO1RGP-4gRKjvhFWCHB-Y,Royal Remodeling and Painting LLC,(843) 338-0239,"230 Hitching Post Crescent, Bluffton, SC 29910, USA",,No Website,general_contractor,,,royalremodelingandpainting@gmail.com
1451,ChIJiSXcbAqJ-4gREL_d6mRzWR8,Rocco Custom Remodeling,(843) 815-5000,"897 Fording Island Rd, Bluffton, SC 29910, USA",,No Website,home_goods_store,4.3,6,info@roccocustomremodeling.com
1452,ChIJDwjIVKB9_ogRsHVHQH4HQag,Holy City Kitchen and Bath Design,(843) 852-9407,"2457 Ashley River Rd, Charleston, SC 29414, USA",,No Website,general_contractor,5,1,info@holycitykitchenandbath.com
1455,ChIJz-nWPJGf-4gRZg9tAv6s7KI,Artisan Bath,(912) 200-3000,"401 E Oglethorpe Ave Unit 1118, Savannah, GA 31401, USA",,No Website,general_contractor,,,info@artisanbath.com
1457,ChIJBaWCSTCn-4gReSF64IL6iiU,Hillside Design & Construction,(912) 521-5299,"1557 Pooler Pkwy Ste 100, Pooler, GA 31322, USA",,No Website,general_contractor,,,info@hillsidedesignandconstruction.com
1491,ChIJu6Iz6wElwokR4Vzhl7XBpVs,DJ's Cycles,(732) 870-2277,"644 Ocean Ave N, Long Branch, NJ 07740, USA",,No Website,bicycle_store,4.7,29,info@djscycles.com
1493,ChIJbYJSfXG6w4kR7nD9VXNkKJQ,Pro Tour Cycles,(908) 322-1590,"1590 US-22, Watchung, NJ 07069, USA",,No Website,bicycle_store,4.7,110,info@protourcycles.com
1495,ChIJ4TKECYY5wokReNQF0VB_j84,Kranky's Cycles,(732) 291-1166,"321 Bay Ave, Highlands, NJ 07732, USA",,No Website,service,4.4,115,krankyscycles@gmail.com
1496,ChIJFZpuAC6awYkRE2tA0WKLx0g,Seaside Heights Bike and Surrey Rentals,(732) 830-4440,"617 Ocean Terrace, Seaside Heights, NJ 08751, USA",https://www.facebook.com/seasideheightsbikerentals/,Social Media Only,service,4.7,60,seasideheightsbikerentals@gmail.com
1499,ChIJ25eJvvxVwokRNVgAZiACIuk,Kebo Bikes,(201) 743-8445,"84 Maple Ave, Montclair, NJ 07042, USA",,No Website,service,5,1,info@kebobikes.com
1500,ChIJe8npzoj7wokRv_PfRihx7cU,Elmwood Bicycles,(201) 797-5819,"252 Broadway, Elmwood Park, NJ 07407, USA",,No Website,bicycle_store,4.6,110,info@elmwoodbicycles.com
1501,ChIJK3f8GQCnw4kRxL3RZfn9dAg,Kohl’s Bike Rack,(973) 267-1711,"1711 NJ-10, Morris Plains, NJ 07950, USA",,No Website,transportation_service,5,1,info@kohlsbikerack.com
1502,ChIJ4TKECYY5wokReNQF0VB_j84,Kranky's Cycles,(732) 291-1166,"321 Bay Ave, Highlands, NJ 07732, USA",,No Website,service,4.4,115,krankyscycles@gmail.com
1504,ChIJbYJSfXG6w4kR7nD9VXNkKJQ,Pro Tour Cycles,(908) 322-1590,"1590 US-22, Watchung, NJ 07069, USA",,No Website,bicycle_store,4.7,110,info@protourcycles.com
1506,ChIJ25eJvvxVwokRNVgAZiACIuk,Kebo Bikes,(201) 743-8445,"84 Maple Ave Apt 2, Montclair, NJ 07042, USA",,No Website,service,5,1,info@kebobikes.com
1507,ChIJeYL6Qc-awYkRVZLKQzxpbx4,Beach Authority,(732) 250-6252,"3245 NJ-35, Lavallette, NJ 08735, USA",,No Website,clothing_store,4.1,72,info@beachauthoritynj.com
1508,ChIJb8ABxjWEwYkRe_AIDrXyQ8o,Point Bikes,(732) 899-9755,"2819 Bridge Ave, Point Pleasant, NJ 08742, USA",https://www.facebook.com/Point-Bikes-157332534300282/|https://www.pointbikes.com,Social Media Only,bicycle_store,4.5,19,info@pointbikes.com
1520,ChIJ2ZUZ3h8N_IgRNmHDT-x_zM0,University Bikes,(843) 575-0021,"1809 Boundary St, Beaufort, SC 29902, USA",https://www.facebook.com/universitybikes/|https://universitybikes.com/,Social Media Only,bicycle_store,4.6,65,info@universitybikes.com
1521,ChIJI-BtkLEN_IgRm1rCT7vzsqs,"Barefoot Bubbas Inc - Beaufort, SC",(843) 379-3415,"828 Bay St, Beaufort, SC 29902, USA",https://www.facebook.com/BarefootBubbasSurfShop|https://barefootbubbas.com/,Social Media Only,store,4,53,info@barefootbubbas.com
1522,ChIJP_0HuJiQqIkR9Ip1-wTFSyk,Beaufort Bicycle,(252) 728-1203,"127 Briar Patch Dr, Beaufort, NC 28516, USA",,No Website,bicycle_store,4.8,43,beaufortbicycle@gmail.com
1523,ChIJpyRg0LCl-IgRlUFlzqACaSQ,Blue Bike SC,(877) 460-2435,"1404 St Andrews Rd #340, Columbia, SC 29210, USA",,No Website,service,4,25,info@bluebikesc.com
1527,ChIJGT9c9X6K_ogRBnx7AXJDFRI,Coastal Carolina Flea Market,(843) 797-0540,"165 Market Rd, Ladson, SC 29456, USA",,No Website,flea_market,4.2,3421,info@coastalcarolinafleamarket.com
1528,ChIJpyRg0LCl-IgRlUFlzqACaSQ,Blue Bike SC,(877) 460-2435,"1404 St Andrews Rd #340, Columbia, SC 29210, USA",,No Website,service,4,25,info@bluebikesc.com
1533,ChIJB_9krJAKw4kRj2JY-ZR6Q94,Manx Cycle Repair,(973) 366-2498,"278 US-46, Dover, NJ 07801, USA",,No Website,car_repair,4.5,105,manxcyclerepair@gmail.com
1535,ChIJ1eTtKpn9wokRvbiCUmdBews,Maintenance & Mods,(973) 567-8482,"Door 18, 158 W Clinton St Building V, Dover, NJ 07801, USA",,No Website,car_repair,5,29,maintenanceandmods@gmail.com
1538,ChIJ4RFCOQALw4kRu3Gy9uBCsaU,Garage Relief Team,(862) 430-3995,"263 Schley St, Dover, NJ 07801, USA",,No Website,service,5,4,garagereliefteam@gmail.com
1541,ChIJB_9krJAKw4kRj2JY-ZR6Q94,Manx Cycle Repair,(973) 366-2498,"278 US-46, Dover, NJ 07801, USA",,No Website,car_repair,4.5,105,manxcyclerepair@gmail.com
1542,ChIJB_9krJAKw4kRj2JY-ZR6Q94,Manx Cycle Repair,(973) 366-2498,"278 US-46, Dover, NJ 07801, USA",,No Website,car_repair,4.5,105,manxcyclerepair@gmail.com
1545,ChIJ1eTtKpn9wokRvbiCUmdBews,Maintenance & Mods,(973) 567-8482,"Door 18, 158 W Clinton St Building V, Dover, NJ 07801, USA",,No Website,car_repair,5,29,maintenanceandmods@gmail.com
1547,ChIJC9cPD7oHw4kRKROvxddsTbk,iTech Computer & Phone Repair,(973) 202-9167,"92 N Beverwyck Rd, Lake Hiawatha, NJ 07034, USA",,No Website,service,4.1,361,itechcomputerphonerepair@gmail.com
1548,ChIJB_9krJAKw4kRj2JY-ZR6Q94,Manx Cycle Repair,(973) 366-2498,"278 US-46, Dover, NJ 07801, USA",,No Website,car_repair,4.5,105,manxcyclerepair@gmail.com
1549,ChIJ1eTtKpn9wokRvbiCUmdBews,Maintenance & Mods,(973) 567-8482,"Door 18, 158 W Clinton St Building V, Dover, NJ 07801, USA",,No Website,car_repair,5,29,maintenanceandmods@gmail.com
1550,ChIJ4RFCOQALw4kRu3Gy9uBCsaU,Garage Relief Team,(862) 430-3995,"263 Schley St, Dover, NJ 07801, USA",,No Website,service,5,4,info@garagereliefteam.com
1551,ChIJE3wGkZl1w4kREr5f0xG2Y1I,Lake Hopatcong Motorsports,(973) 607-7840,"403 Howard Blvd, Mt Arlington, NJ 07856, USA",,No Website,sporting_goods_store,4.6,48,sales@lakehopatcongmotorsports.com
1551,ChIJE3wGkZl1w4kREr5f0xG2Y1I,Lake Hopatcong Motorsports,(973) 607-7840,"403 Howard Blvd, Mt Arlington, NJ 07856, USA",,No Website,sporting_goods_store,4.6,48,service@lakehopatcongmotorsports.com
1554,ChIJK3f8GQCnw4kRxL3RZfn9dAg,Kohl’s Bike Rack,(973) 267-4444,"1711 NJ-10, Morris Plains, NJ 07950, USA",,No Website,transportation_service,5,1,info@kohlsbikerack.com
1555,ChIJfxAyuxutw4kRw7lqvJrjAf8,Bob's Bicycle Service,(908) 875-7879,"4 Mark Rd Ste f, Kenilworth, NJ 07033, USA",http://www.facebook.com/bobsbicycleservice,Social Media Only,service,5,69,bobsbicycleservice@gmail.com
1556,ChIJk7ReXoSww4kRN2YbzVVxRpA,The Bike Stand,(908) 322-3330,"1757 E 2nd St, Scotch Plains, NJ 07076, USA",,No Website,bicycle_store,4.8,52,info@thebikestandnj.com
1558,ChIJKTPDtNXHw4kRCNnNwQ2k3eU,Superior Cycles,(732) 819-3945,"1863 Woodbridge Ave, Edison, NJ 08817, USA",,No Website,store,4.7,74,superiorcyclesnj@gmail.com
1563,ChIJKTPDtNXHw4kRCNnNwQ2k3eU,Superior Cycles,(732) 819-3945,"1863 Woodbridge Ave, Edison, NJ 08817, USA",,No Website,store,4.7,74,superiorcyclesnj@gmail.com
1565,ChIJfxAyuxutw4kRw7lqvJrjAf8,Bob's Bicycle Service,(908) 875-7879,"4 Mark Rd Ste f, Kenilworth, NJ 07033, USA",http://www.facebook.com/bobsbicycleservice,Social Media Only,service,5,69,bobsbicycleservice@gmail.com
1566,ChIJm_1JX067w4kRASZaa82PRxU,Mr. Electronics,(908) 800-1326,"125 E Front St, Plainfield, NJ 07060, USA",,No Website,electronics_store,4.6,250,mrelectronicsnj@gmail.com
1567,ChIJ1z_LeAC5w4kRHCs6rP8UXMc,Bike Rack,(732) 968-3000,"10 US-22, Green Brook Township, NJ 08812, USA",,No Website,transportation_service,,,info@bikeracknj.com
1568,ChIJe8npzoj7wokRv_PfRihx7cU,Elmwood Bicycles,(201) 797-5819,"252 Broadway, Elmwood Park, NJ 07407, USA",,No Website,bicycle_store,4.6,110,info@elmwoodbicycles.com
1569,ChIJVWQIk4WDwYkR-ME8MnlJt6E,Brick Bicycle,(732) 785-5700,"1753 NJ-88 West, Brick Township, NJ 08724, USA",,No Website,service,4.8,132,info@brickbicycle.com
1573,ChIJb8ABxjWEwYkRe_AIDrXyQ8o,Point Bikes,(732) 899-9755,"2819 Bridge Ave, Point Pleasant, NJ 08742, USA",https://www.facebook.com/Point-Bikes-157332534300282/|https://pointbikes.com/,Social Media Only,bicycle_store,4.5,19,info@pointbikes.com
1574,ChIJVWQIk4WDwYkR-ME8MnlJt6E,Brick Bicycle,(732) 785-5700,"1753 NJ-88 West, Brick Township, NJ 08724, USA",,No Website,service,4.8,132,brickbicycle@gmail.com
1575,ChIJeYL6Qc-awYkRVZLKQzxpbx4,Beach Authority,(732) 250-6252,"3245 NJ-35, Lavallette, NJ 08735, USA",,No Website,clothing_store,4.1,72,beachauthoritynj@gmail.com
1576,ChIJNcoi6ZqDwYkRkyiycLTKnGI,ETC Bike Shop,(732) 370-2446,"1703 Clifton Ave, Lakewood, NJ 08701, USA",,No Website,bicycle_store,5,8,info@etcbikeshop.com
1577,ChIJR6AS_vItx4kRB2sMxP5qBPk,Ed's Bike Shop,(856) 691-5757,"1377 N Delsea Dr, Vineland, NJ 08360, USA",,No Website,bicycle_store,4.3,15,info@edsbikeshop.com
1593,ChIJB_9krJAKw4kRj2JY-ZR6Q94,Manx Cycle Repair,(973) 366-2498,"278 US-46, Dover, NJ 07801, USA",,No Website,car_repair,4.5,105,manxcyclerepair@gmail.com
1594,ChIJB_9krJAKw4kRj2JY-ZR6Q94,Manx Cycle Repair,(973) 366-2498,"278 US-46, Dover, NJ 07801, USA",,No Website,car_repair,4.5,105,manxcyclerepair@gmail.com
1596,ChIJE3wGkZl1w4kREr5f0xG2Y1I,Lake Hopatcong Motorsports,(973) 607-7840,"403 Howard Blvd, Mt Arlington, NJ 07856, USA",,No Website,sporting_goods_store,4.6,48,info@lakehopatcongmotorsports.com
1597,ChIJ1eTtKpn9wokRvbiCUmdBews,Maintenance & Mods,(973) 567-8482,"Door 18, 158 W Clinton St Building V, Dover, NJ 07801, USA",,No Website,car_repair,5,29,maintenanceandmods@gmail.com
1601,ChIJb675c7uow4kRUzXmLZV59pQ,The Bicycle Store,(973) 377-7770,"186 Columbia Turnpike, Florham Park, NJ 07932, USA",,No Website,bicycle_store,,,info@thebicyclestore.com
1602,ChIJUYT7fap0w4kRfZGm4fYBTbg,Colorado Ski & Snowboard,(973) 663-6688,"725 NJ-15 S, Lake Hopatcong, NJ 07849, USA",https://www.facebook.com/coloradoskiandboard/|coloradoski.com,Social Media Only,sporting_goods_store,4.6,72,info@coloradoski.com
1606,ChIJb675c7uow4kRUzXmLZV59pQ,The Bicycle Store,(973) 377-7770,"186 Columbia Turnpike, Florham Park, NJ 07932, USA",,No Website,bicycle_store,,,info@thebicyclestore.com
1609,ChIJ9WzLrhFfwYkR3DXgbMDG4-U,Economy bike shop,(609) 586-0150,"1637 NJ-33, Trenton, NJ 08690, USA",,No Website,bicycle_store,4.8,96,economy_bike_shop@yahoo.com
1610,ChIJ2RhRKMbmw4kRPyUugjdiO3c,The Cyclab,(609) 258-7799,"2 University Pl, Princeton, NJ 08540, USA",https://www.instagram.com/cyclab/,Social Media Only,service,5,40,outdoor.action@princeton.edu
1611,ChIJb8ABxjWEwYkRe_AIDrXyQ8o,Point Bikes,(732) 899-9755,"2819 Bridge Ave, Point Pleasant, NJ 08742, USA",https://www.facebook.com/Point-Bikes-157332534300282/|https://pointbikes.com/,Social Media Only,bicycle_store,4.5,19,info@pointbikes.com
1612,ChIJVWQIk4WDwYkR-ME8MnlJt6E,Brick Bicycle,(732) 785-5700,"1753 NJ-88 West, Brick Township, NJ 08724, USA",,No Website,service,4.8,132,info@brickbicycle.com
1613,ChIJR6AS_vItx4kRB2sMxP5qBPk,Ed's Bike Shop,(856) 691-5757,"1377 N Delsea Dr, Vineland, NJ 08360, USA",,No Website,bicycle_store,4.3,15,edsbikeshop@comcast.net
1614,ChIJ2ZUZ3h8N_IgRNmHDT-x_zM0,University Bikes,(843) 575-0021,"1809 Boundary St, Beaufort, SC 29902, USA",https://www.facebook.com/universitybikes/|https://universitybikes.com/,Social Media Only,bicycle_store,4.6,65,info@universitybikes.com
1615,ChIJ2ZUZ3h8N_IgRNmHDT-x_zM0,University Bikes,(843) 575-0021,"1809 Boundary St, Beaufort, SC 29902, USA",https://www.facebook.com/universitybikes/|https://universitybikes.com/,Social Media Only,bicycle_store,4.6,65,info@universitybikes.com
1631,ChIJ819hjEQIw4kRo2b8RRypkKM,Mountain Lakes Motors,(973) 334-4992,"12 Baldwin Ln, Mountain Lakes, NJ 07046, USA",,No Website,car_repair,4.9,55,info@mountainlakesmotors.com
1637,ChIJ_-Fh1HsKw4kRMqQKGlxfmXk,Lube-It-All,(973) 366-4387,"208 S Salem St, Randolph, NJ 07869, USA",,No Website,car_repair,4.4,77,info@lubeitallnj.com
1639,ChIJ3Tt7wzAKw4kRksQnq6PE2tk,Rockaway Service Center,(973) 625-3565,"111 W Main St, Rockaway, NJ 07866, USA",,No Website,car_repair,4.8,150,info@rockawayservicecenter.com
1644,ChIJbe_5phoHw4kRi_u6XJIkhxU,Foreign Cars Service,(973) 627-0000,"30 W Main St, Denville, NJ 07834, USA",https://www.facebook.com/ForeignCarsService/,Social Media Only,car_repair,5,9,info@foreigncarsservice.com
1649,ChIJ_-Fh1HsKw4kRMqQKGlxfmXk,Lube-It-All,(973) 366-4387,"208 S Salem St, Randolph, NJ 07869, USA",,No Website,car_repair,4.4,77,lubeitallnj@gmail.com
1656,ChIJ6TS3kScGw4kRGT1W1eqII3U,Boonton Service Center,(973) 263-8700,"240 Myrtle Ave, Boonton, NJ 07005, USA",,No Website,car_repair,4.9,15,boontonservicecenter@gmail.com
1696,ChIJr_oCGQCnw4kRLlmOxG7F0Ck,Morristown Black Car Limo,(973) 978-0835,"207 Glen Dr, Cedar Knolls, NJ 07927, USA",,No Website,transportation_service,5,2,info@morristownblackcar.com
1727,ChIJU8I6hjwJw4kRgt6M6dSMYxw,Chopra Auto Care,(973) 627-0068,"261 Parsippany Rd, Parsippany, NJ 07054, USA",https://instagram.com/chopraautocare?igshid=YmMyMTA2M2Y=,Social Media Only,car_repair,4.6,114,chopraautocare@gmail.com
1745,ChIJwZe34RYIw4kRF6uo6voE-SE,Sky Line Taxi & Limousine,(973) 909-0117,"1100 Parsippany Blvd, Parsippany, NJ 07054, USA",,No Website,chauffeur_service,5,2,skylinetaxinj@gmail.com
1746,ChIJ47SCZw4Iw4kRRIyzVT1zE4A,elkortobi limo,(973) 906-5275,"2001 US-46 Suite 310, Parsippany, NJ 07054, USA",,No Website,chauffeur_service,5,1,info@elkortobilimo.com
1747,ChIJM-UVQ5IIw4kRwxBS9kdjEAs,Boonton Taxi & Limo Car Service,(201) 733-9607,"121 Hawkins Pl, Boonton, NJ 07005, USA",,No Website,taxi_service,,,boontontaxilimo@gmail.com
1749,ChIJAVWYCE6tw4kRtCSBigqpM5M,Summit Springfield limo & Airport Car Service,(908) 897-3949,"226 Morris Ave #108, Springfield, NJ 07081, USA",,No Website,chauffeur_service,5,10,info@summitspringfieldlimo.com
1753,ChIJtbohEX6uw4kRKMAiuh8tG0g,All United Limo,(973) 482-3200,"19 Short Hills Cir, Millburn, NJ 07041, USA",,No Website,taxi_service,5,1,info@allunitedlimo.com
1755,ChIJAQAAADGsw4kRhfNBzK7Ur1M,Short Hills Luxury Transportation,(973) 379-7879,"19 Short Hills Cir, Millburn, NJ 07041, USA",,No Website,chauffeur_service,,,info@shorthillsluxurytransportation.com
1756,ChIJ40yt92Suw4kR7NWtDUkwT6A,Atlantic Towne Cars,(973) 428-0277,"622 Morris Tpke, Short Hills, NJ 07078, USA",,No Website,chauffeur_service,,,info@atlantictownecars.com
1757,ChIJVXDRVaOuw4kR73YjS_9zURo,Short Hills Executive Sedan,(973) 379-7879,"19 Short Hills Cir, Millburn, NJ 07041, USA",,No Website,chauffeur_service,,,info@shorthillsluxurytransportation.com
1760,ChIJJxNLKK6vw4kRRGrA1DdtPP4,Chris taxi services,(973) 738-9902,"5 Irving Pl, Summit, NJ 07901, USA",,No Website,taxi_service,4.3,13,info@christaxiservices.com
1761,ChIJa4TnpLfJw4kRT5tH2oLN5QI,Crystal Car & Limousine Service,(732) 777-0057,"1992 Woodbridge Ave, Edison, NJ 08817, USA",,No Website,chauffeur_service,5,58,info@crystalcarandlimo.com
1763,ChIJL1QEkujGw4kRpmbtX_S0l0k,Comfort Taxi & Car Service,(732) 484-5845,"91 N Lawrence Ave, Somerset, NJ 08873, USA",,No Website,chauffeur_service,5,1,comforttaxinj@gmail.com
1764,ChIJ6aqDa0zGw4kRJMYjfQFlMdI,New Brunswick Limos,(732) 355-8071,"2227 US-1 #175, North Brunswick Township, NJ 08902, USA",,No Website,chauffeur_service,4.5,2,info@newbrunswicklimos.com
1765,ChIJB8Oauu7Hw4kRtxgk95NEG7c,Buda Auto,(732) 246-1901,"261 Baldwin St, New Brunswick, NJ 08901, USA",,No Website,service,4.7,43,budaauto@gmail.com
1766,ChIJUYOY90rGw4kR4k3idxEZzp8,Highland Park Service Center,(732) 246-7780,"126 Raritan Ave, Highland Park, NJ 08904, USA",,No Website,car_repair,4.9,107,hpservicecenter@gmail.com
1768,ChIJ54iHR2fGw4kR7uNzWe2BRdI,Ralph's Auto Repair,(732) 317-2228,"250 Commercial Ave, New Brunswick, NJ 08901, USA",,No Website,car_repair,4.9,60,ralphsautorepairnj@gmail.com
1770,ChIJgWgIDZvGw4kRY8CZt_abS2o,Joe Service Center,(732) 964-3300,"814 Livingston Ave, North Brunswick Township, NJ 08902, USA",,No Website,car_repair,4.7,643,joeservicecenter@gmail.com
1772,ChIJQ4uQnF_Hw4kRnQtBWhl3gEo,"Los paisanos limousine & Taxi services, LLC",(732) 354-3484,"100 Jersey Ave, New Brunswick, NJ 08901, USA",,No Website,taxi_service,3.7,17,lospaisanoslimousine@gmail.com
1773,ChIJGbGiOPTGw4kR9MUwpPTHJcQ,R.A.M AUTO L.L.C.,(732) 317-8311,"259A Baldwin St, New Brunswick, NJ 08901, USA",,No Website,car_repair,4.1,40,ramautollc@gmail.com
1776,ChIJVbIIpWDGw4kRBrwVtLI19PM,E K Tire Shop,(908) 456-7335,"118 Sandford St Bldg 1, New Brunswick, NJ 08901, USA",,No Website,tire_shop,4.4,56,ektire@gmail.com
1777,ChIJzemDXqm5w4kR613fCcNV4wo,Piscataway Auto & Truck Repair,(732) 968-8550,"1801 W 7th St, Piscataway, NJ 08854, USA",,No Website,car_repair,3.9,38,piscatawayautotruckrepair@gmail.com
1779,ChIJZxQnWvC5w4kRknIZRvR5RsM,New Age Automotive,(848) 247-3001,"424 New Market Rd, Piscataway, NJ 08854, USA",https://www.facebook.com/NewAgeAuto424/,Social Media Only,car_repair,4.9,104,newageautomotive@gmail.com
1781,ChIJ-2ZOLLC5w4kRTmcRVEJHwrk,Stelton Auto Care,(848) 467-0831,"700 Hamilton Blvd, South Plainfield, NJ 07080, USA",https://www.facebook.com/steltonautocare,Social Media Only,car_repair,4.8,230,steltonautocare@gmail.com
1784,ChIJk1sNwF6_w4kRBRJtEqyHdCc,M & J Services Center,(732) 564-9808,"145 River Rd, Middlesex, NJ 08846, USA",,No Website,car_repair,4.9,33,mandjservicescenter@gmail.com
1786,ChIJ85wxTGSVw4kRIEZbDUZHSiU,"The Car Clinic Automotive, Mobile Service, & Sales",(908) 699-0207,"301 Country Club Rd, Bridgewater, NJ 08807, USA",,No Website,car_repair,4.9,204,thecarclinicnj@gmail.com
1787,ChIJL1QEkujGw4kRpmbtX_S0l0k,Comfort Taxi & Car Service,(732) 484-5845,"91 N Lawrence Ave, Somerset, NJ 08873, USA",,No Website,chauffeur_service,5,1,comforttaxinj@gmail.com
1788,ChIJB7ZAtC_Hw4kRqa0tBa-d41g,Merhi Somerset Car Service,(732) 789-7388,"1140 Easton Ave, Somerset, NJ 08873, USA",,No Website,chauffeur_service,5,3,merhisomersettaxiservice@gmail.com
1806,ChIJx00yQ1GFwYkRjSJOfSEQKdc,East Coast Truck & Auto LLC,(732) 927-3557,"1162 Ridgefield Dr, Point Pleasant, NJ 08742, USA",,No Website,car_repair,5,6,eastcoasttruckandauto@gmail.com
1831,ChIJtSaUPcFw_IgRP23NuQugaBM,Sea Island Auto Services Inc,(843) 681-8433,"4 Hunter Rd, Hilton Head Island, SC 29926, USA",,No Website,car_repair,4.9,12,seaislandauto@gmail.com
1835,ChIJH4F26CFx_IgR5uQbHOjg_ig,Mobile Mechanic Inc,(843) 342-3499,"210 Fish Haul Rd, Hilton Head Island, SC 29926, USA",,No Website,car_repair,4,6,mobilemechanichhi@gmail.com
1836,ChIJWe0IkH13_IgR7tSbXhSDygQ,BPC MotorWorks - Jaguar Auto Repair,(843) 689-3278,"374 Spanish Wells Rd Ste f, Hilton Head Island, SC 29926, USA",,No Website,car_repair,4.4,30,bpcmotorworks@gmail.com
1837,ChIJxxQaLjJx_IgRYJpSJMr49Uc,LUXEV CAR RENTALS LLC,(843) 422-2653,"11 Palmetto Bay Rd #1009, Hilton Head Island, SC 29928, USA",,No Website,car_rental,5,25,info@luxevcarrentals.com
1838,ChIJU2n35Gt3_IgRsvcPdK_3zjk,Mid Island Car Care,(843) 338-2278,"189 Gumtree Rd, Hilton Head Island, SC 29926, USA",,No Website,car_repair,5,9,midislandcarcare@gmail.com
1840,ChIJA5xBb-eN-4gR6mMRv0q6Ne8,All In Garage,(843) 784-3800,"200 Mead Rd Ste A, Hardeeville, SC 29927, USA",,No Website,car_repair,4.7,132,info@allingarage.com
1841,ChIJ4fFLJUd3_IgR2H_Y1p9WMZ0,JR’s Detailing,(843) 415-2528,"1 Monticello Dr, Hilton Head Island, SC 29926, USA",,No Website,,5,1,jrsdetailinghhi@gmail.com
1842,ChIJd4Gbf313_IgRQ-qWDDFvDR8,Specialty Coachworks Inc,(843) 689-9000,"360 Spanish Wells Rd #1410, Hilton Head Island, SC 29926, USA",,No Website,car_repair,3.5,4,specialtycoachworks@gmail.com
1846,ChIJe1OH2O8L_IgR02vS5Sxyf84,Beaufort Auto Repair & Towing,(843) 846-1111,"809 Roseida Rd, Beaufort, SC 29906, USA",,No Website,car_repair,4.4,93,beaufortautorepair@gmail.com
1847,ChIJIfvU_uYM_IgRtnamFOOiwmI,Beaufort Auto Electric and Auto Repair,(843) 524-8021,"1350B Ribaut Rd, Port Royal, SC 29935, USA",,No Website,car_repair,4.2,73,beaufortautoelectric@gmail.com
1860,ChIJj-izEAcL_IgRqKSM_ng5gEw,East Coast Collision and Recovery,(843) 521-9600,"69 SC-128, Beaufort, SC 29906, USA",https://www.facebook.com/East-Coast-Collision-and-Recovery-247738445335090/,Social Media Only,car_repair,4.1,13,eastcoastcollisionandrecovery@gmail.com
1865,ChIJx4qN4uYM_IgRB956TckWlRw,Sutcliffe Audio,(843) 524-3772,"1351 Ribaut Rd # E, Port Royal, SC 29935, USA",https://www.facebook.com/SUTCLIFFEAUDIO/|http://sutcliffeaudio.com,Social Media Only,electronics_store,4.9,37,sutcliffeaudio@gmail.com
1892,ChIJsaIsHVlw_ogRb0Xm3ouXp_M,McIntosh Imports,(843) 388-1558,"875 Walt Miller St, Mt Pleasant, SC 29464, USA",,No Website,car_repair,4.7,60,service@mcintoshimports.com
1895,ChIJzcf3NMGN_ogRBNQ-7fXW_bw,Gill Mobile Auto Repair,(843) 377-6503,"118 Argosy Dr, Summerville, SC 29483, USA",https://m.facebook.com/pages/category/Automotive-Repair-Shop/Gill-Mobile-Auto-Repair-1469137710043703/,Social Media Only,car_repair,5,105,gillmobileautorepair@gmail.com
1896,ChIJK4fy6KOM_ogR2NYiGAMEZYc,Price's Automotive,(843) 821-6700,"1700 W 5th N St, Summerville, SC 29483, USA",,No Website,car_repair,4.9,93,info@pricesautomotive.com
1899,ChIJgew96uNg_ogRc_IoPl_dpko,Richards Alignments & Brakes,(843) 797-6990,"505 N Gum St, Summerville, SC 29483, USA",,No Website,car_repair,4.9,261,richardsalignments@gmail.com
1952,ChIJl3QyNxArK4gRY6UWR-gKXcM,Richmond Hill Auto Service,(437) 688-2888,"10731 Yonge St, Richmond Hill, ON L4C 3E1, Canada",,No Website,car_repair,5,52,info@rhautoservice.ca
1955,ChIJq6rO1hQP-4gRjFyzhiH-gb0,"Express Towing, Inc",(912) 572-8000,"55 Chandler St, Richmond Hill, GA 31324, USA",,No Website,service,4.9,905,expresstowinginc@gmail.com
1959,ChIJy7ZdfoN_-4gRBa868d8WPrw,Tybee Island Taxi Service,(912) 786-8688,"777 1st St, Tybee Island, GA 31328, USA",,No Website,transportation_service,2.5,57,tybeeislandtaxi@gmail.com
1961,ChIJe1Xu6vl_-4gR1DkO3rxe-Ec,Crab cab,(912) 786-2722,"102 S Campbell Ave box 1002, Tybee Island, GA 31328, USA",,No Website,transportation_service,2.2,26,info@crabcabtybee.com
1980,ChIJsV-1XKCDw4kRbcLCfRi_Glc,Kash's Farm,(908) 852-0570,"181 Petersburg Rd, Hackettstown, NJ 07840, USA",,No Website,wholesaler,4.4,7,kashsfarm@gmail.com
1982,ChIJDzqHv5-nw4kR16gR1NOguQE,Flavors by Chef Jay Doshi,(732) 447-6381,"90 E Halsey Rd, Parsippany, NJ 07054, USA",,No Website,catering_service,5,8,info@flavorsbychefjaydoshi.com
1984,ChIJlUXxzFyuw4kRq80hf77GUEk,Just Delicious by Brad,(908) 522-0235,"99 Springfield Ave, Summit, NJ 07901, USA",,No Website,catering_service,5,5,info@justdeliciousbybrad.com
1986,ChIJO7NZi2Wuw4kR55J5LHzTATY,Exquisite Affairs Caterers Inc,(973) 258-0655,"60 Temple Dr, Springfield, NJ 07081, USA",,No Website,catering_service,3.9,7,info@exquisiteaffairscaterers.com
1987,ChIJF1ggdlHGw4kR-F_WAaHTQBY,Rafferty Gourmet,(732) 628-0565,"106 Albany St, New Brunswick, NJ 08901, USA",,No Website,catering_service,4.8,12,info@raffertygourmet.com
1988,ChIJG4QZBljGw4kRpl8-SY77yBk,Dulce Teresa Catering,(732) 296-0334,"128 French St, New Brunswick, NJ 08901, USA",,No Website,bakery,4.3,259,info@dulceteresacatering.com
1989,ChIJo93dVFjGw4kRcnBU5v83PL0,La Poncena,(732) 249-3754,"57 Joyce Kilmer Ave #2440, New Brunswick, NJ 08901, USA",https://facebook.com/profile.php?id=100063880725276,Social Media Only,american_restaurant,4.3,881,info@laponcenarestaurant.com
1996,ChIJQy6GP0bHw4kRGWZKUOzmBus,Chai Truck NJ,(732) 306-5156,"533 Shirley Pkwy, Piscataway, NJ 08854, USA",https://www.instagram.com/chaitruck/,Social Media Only,food,4.9,15,info@chaitrucknj.com
2022,ChIJNaMdzbMN_IgRpUpCfoZtbcw,Old Bay Marketplace Loft and Rooftop,(843) 379-3470,"917 Bay St, Beaufort, SC 29902, USA",,No Website,event_venue,4.6,28,info@oldbaymarketplace.com
2025,ChIJH1s9z7MN_IgRlWLz663proo,Tabby Place,(843) 379-3470,"913 Port Republic St, Beaufort, SC 29902, USA",,No Website,event_venue,4.6,54,info@tabbyplace.com
2040,ChIJH1s9z7MN_IgRlWLz663proo,Tabby Place,(843) 379-3470,"913 Port Republic St, Beaufort, SC 29902, USA",,No Website,event_venue,4.6,54,info@tabbyplace.com
2057,ChIJ02Bb1Wqa-4gRpzM9wXQlQa4,Swamp Fox Farms,(912) 484-8510,"2712 Levy Rd, Hardeeville, SC 29927, USA",,No Website,event_venue,4.4,7,swampfoxfarms@gmail.com
2070,ChIJR3tpQGxj_ogRH_Nb36k50Vw,Dupree Catering LLC,(843) 801-7471,"378 Mathis Ferry Rd, Mt Pleasant, SC 29464, USA",,No Website,food,5,11,info@dupreescatering.com
2071,ChIJAwPDhubv_ogRDLCunOih1RY,Kitchen 27 Specialty Catering & Delivery,(843) 737-3188,"1285 Old Gilliard Rd, Ridgeville, SC 29472, USA",https://m.facebook.com/K27Catering/,Social Media Only,catering_service,4.9,45,kitchen27catering@gmail.com
2073,ChIJ5XJpkcqL_ogRPSyBfFTu6vE,DANNY MAK'S TROPHY WINNING BBQ AND FIXINS,(843) 609-8144,"I only smoke the good stuff, #126, Summerville, SC 29483, USA",https://www.facebook.com/DannyMaksBBQ/,No Website,food,5,12,dannymaksbbq@gmail.com
2074,ChIJnZdLRZeL_ogRSqt86OjZT04,The Grandeur Event Venue & Rentals,(843) 974-9145,"1725 N Main St, Summerville, SC 29486, USA",,No Website,event_venue,5,18,info@thegrandeurvenue.com
2075,ChIJTWhqra-P_ogR8yzqPd6iTBE,First Impressions Catering,(843) 327-5820,"103 Dirocco Ln, Summerville, SC 29485, USA",https://www.facebook.com/FirstImpressionsCateringLLC/,No Website,catering_service,,,firstimpressionscateringllc@gmail.com
2077,ChIJOVfAMzeL_ogRk9b6zhM2uIg,Avec Amour Catering,(843) 605-5744,"259 Treeland Dr A, Ladson, SC 29456, USA",https://facebook.com/PrettyPeopleEnt|https://www.facebook.com/AvecAmourCateringLLC/,Social Media Only,food,5,1,avec.amourcatering@gmail.com
2078,ChIJj_vtvMh7_ogRUb7Fz6R9-KA,B’s Soul Creations Breakfast Brunch Catering,(843) 568-7457,"parking, lot 2332 Meeting Street Rd, Charleston, SC 29405, USA",https://www.facebook.com/BsSoulCreations/,No Website,breakfast_restaurant,5,80,bsoulcreations@gmail.com
2079,ChIJAwPDhubv_ogRDLCunOih1RY,Kitchen 27 Specialty Catering & Delivery,(843) 737-3188,"1285 Old Gilliard Rd, Ridgeville, SC 29472, USA",https://m.facebook.com/K27Catering/,Social Media Only,catering_service,4.9,45,kitchen27catering@gmail.com
2082,ChIJn4ZM8It1-4gRydv-jvr6HF8,Susan Mason's Catering,(912) 233-2560,"3109 Habersham St, Savannah, GA 31405, USA",,No Website,catering_service,5,3,info@susanmasonscatering.com
2083,ChIJsUu6XO2d-4gRnuBbuzdlEuY,Regina A Catering,(912) 507-5611,"2405 Florida Ave, Savannah, GA 31404, USA",,No Website,catering_service,5,2,info@reginaacatering.com
2085,ChIJp002SgCn-4gRGi2B5TZFKM8,Suwon Catering,(912) 737-2990,"110 Southern Jct Blvd Ste 102, Pooler, GA 31322, USA",,No Website,grocery_store,4.8,18,info@suwoncatering.com
2086,ChIJE97jT1Wn-4gRpgENGXLo6M4,What's for Dinner Pooler,(912) 201-1023,"2321 Pooler Pkwy Unit 113, Pooler, GA 31322, USA",,No Website,meal_takeaway,4.5,11,info@whatsfordinnerpooler.com
2088,ChIJI1ioyTCh-4gR7fYzTO9NxH8,Cake Corner,(912) 748-5952,"105 Moore Ave, Pooler, GA 31322, USA",,No Website,bakery,4.6,302,info@cakecornerpooler.com
2090,ChIJN1EZAnEP-4gR53y3N3LLU3Y,Made for More Creations,(912) 272-9191,"3801 US-17 #700, Richmond Hill, GA 31324, USA",,No Website,catering_service,,,info@madeformorecreations.com
2091,ChIJAQAw4HAP-4gRA3huctB18B8,Southern Image,(912) 756-3535,"3881 US-17, Richmond Hill, GA 31324, USA",,No Website,service,5,1,southernimagesalon@gmail.com
2093,ChIJqyGzZJYJw4kRWIgNHOWtivk,Paterson Keith E,(973) 625-0044,"124 E Main St Ste 104, Denville, NJ 07834, USA",,No Website,lawyer,5,12,kpaterson@patersonkeith.com
2097,ChIJMTKJlaIJw4kRmU-zSl0x9v0,Selitto Paul M,(973) 627-1950,"100 Franklin Ave, Rockaway, NJ 07866, USA",,No Website,lawyer,5,8,paul@selittolaw.com
2099,ChIJnzElujAKw4kRfUCJiVpCkFs,"Michael A. Priarone, Attorney At Law",(973) 879-0549,"290 US-46, Denville, NJ 07834, USA",,No Website,lawyer,5,1,mpriarone@priaronelaw.com
2100,ChIJp0mViJcJw4kR0wOcLFsf4oo,Gary D. Grant,(862) 209-4700,"23 Diamond Spring Rd, Denville, NJ 07834, USA",,No Website,lawyer,3,3,gary@garydgrantlaw.com
2101,ChIJn1aW9QkKw4kRSuK1OA1aNPY,Muscio & Kaplan LLC,(973) 328-0403,"3125 NJ-10, Denville, NJ 07834, USA",,No Website,lawyer,,,info@musciokaplan.com
2102,ChIJMTKJlaIJw4kRmU-zSl0x9v0,Selitto Paul M,(973) 627-1950,"141 W Main St, Rockaway, NJ 07866, USA",,No Website,lawyer,5,8,paul@selittolaw.com
2103,ChIJnzElujAKw4kRP01t45CvcJc,Larry I Wiener Law Offices,(973) 627-8260,"141 W Main St, Rockaway, NJ 07866, USA",,No Website,lawyer,4.8,5,larry@larrywienerlaw.com
2104,ChIJqyGzZJYJw4kRWIgNHOWtivk,Paterson Keith E,(973) 625-0044,"124 E Main St Ste 104, Denville, NJ 07834, USA",,No Website,lawyer,5,12,keith@patersonlaw.net
2105,ChIJnzElujAKw4kRx6xaldhzo-g,Greb Morris Leo,(973) 983-9700,"141 W Main St, Rockaway, NJ 07866, USA",,No Website,lawyer,5,1,morris@morrisgreb.com
2106,ChIJd4RsoJcJw4kRFl24wEeIyFQ,Dattolo Angelo,(973) 983-7783,"136 E Main St, Denville, NJ 07834, USA",,No Website,lawyer,5,21,angelo@dattololaw.com
2107,ChIJZ34UKIoKw4kR53cAK8f-tV4,"Mason Thompson, LLC",(973) 366-9300,"50 Nelson St, Dover, NJ 07801, USA",,No Website,lawyer,3,2,info@masonthompsonlaw.com
2108,ChIJmRfGVp4Jw4kR1YXAANY9sC4,Dolan Eugene P,(973) 627-1258,"94 Morris Ave, Denville, NJ 07834, USA",,No Website,lawyer,5,7,eugene@eugenedolanlaw.com
2109,ChIJgc93eZIIw4kRhIQcUnFTK-g,McHugh & Brancato,(973) 541-9229,"104 Elcock Ave, Boonton, NJ 07005, USA",,No Website,lawyer,5,8,info@mchughbrancato.com
2130,ChIJcwPguJoKw4kRPfaH0kywksg,Pennella & Claps Attorneys at Law,(973) 361-7100,"16 W Blackwell St, Dover, NJ 07801, USA",,No Website,consultant,,,info@pennellaclaps.com
2131,ChIJqyGzZJYJw4kRWIgNHOWtivk,Paterson Keith E,(973) 625-0044,"124 E Main St Ste 104, Denville, NJ 07834, USA",,No Website,lawyer,5,12,kpaterson@keithpatersonlaw.com
2132,ChIJ_77u_bCnw4kR8LRg3XvodkU,"Law Offices of Diane H. Kim, LLC",(201) 375-1700,"90 E Halsey Rd #106, Parsippany, NJ 07054, USA",,No Website,lawyer,4.8,17,diane@dianekimlaw.com
2134,ChIJWfQuy-QHw4kRE64wcYrgs3Y,Bilheimer & Raquet,(973) 335-1142,"60 Baldwin Rd #103, Parsippany, NJ 07054, USA",,No Website,lawyer,4.9,7,info@bilheimerraquet.com
2135,ChIJTUC4vlOsw4kRe6FHo6bXgeI,Evan W Zwillman Attorney at Law,(973) 763-7300,"1929 Springfield Ave, Maplewood, NJ 07040, USA",,No Website,lawyer,5,2,evan@zwillmanlaw.com
2138,ChIJI8G7RCLHw4kRNqFnGAYhKSU,"The Law Firm of Steven H. Finkelstein, LLC",(908) 874-4300,"46 Johnson Rd, Somerset, NJ 08873, USA",,No Website,lawyer,5,2,steve@finkelsteinlawfirm.com
2139,ChIJtyTRDTjEw4kRRQi6J30LdB4,The Wolf Law Firm LLC,(732) 545-7900,"1520 US-130 Ste 101, North Brunswick Township, NJ 08902, USA",,No Website,lawyer,4.3,12,info@thewolflawfirm.com
2141,ChIJI8G7RCLHw4kRNqFnGAYhKSU,"The Law Firm of Steven H. Finkelstein, LLC",(908) 874-4300,"46 Johnson Rd, Somerset, NJ 08873, USA",,No Website,lawyer,5,2,steve@finkelsteinlawfirm.com
2143,ChIJ90aF8_m2w4kRiA96mLjPT7k,Agha & Agha LLP,(732) 662-7532,"7 NJ-27 Suite 214, Edison, NJ 08820, USA",,No Website,consultant,4.9,54,info@aghalaw.com
2145,ChIJq6pqPQq4w4kRTUyD-w33Poo,The Weingarten Law Firm,(732) 393-0048,"444 Hoes Ln, Piscataway, NJ 08854, USA",,No Website,lawyer,1,6,info@weingartenlawfirm.com
2146,ChIJm83n5lG5w4kRO-86pyRIqjY,"Jennifer Kang Butler, Attorney at Law",(908) 757-7745,"53 Mountain Blvd, Warren, NJ 07059, USA",,No Website,consultant,5,6,jennifer@jenniferkangbutler.com
2149,ChIJAdjWmJjhw4kRbgm_rjlTQug,Bergman & Barrett Attorneys At Law,(609) 921-1502,"300 Carnegie Center Dr Suite 150, Princeton, NJ 08540, USA",,No Website,lawyer,5,2,info@bergmanbarrett.com
2150,ChIJp1x3bCzhw4kRiUhm8qvjpfM,J Rankin Law,(609) 924-6900,"600 Alexander Rd, Princeton, NJ 08540, USA",,No Website,lawyer,4.4,20,jrankin@jrankinlaw.com
2157,ChIJXXtVYvyHwYkRtAOLqvvXnlE,"Greer Law Firm, LLC",(732) 449-7900,"2006 NJ-71, Spring Lake, NJ 07762, USA",,No Website,lawyer,5,2,info@greerlawfirmllc.com
2162,ChIJL9slXGMyx4kRFthqDe88qEg,Michael Gruccio Law,(856) 457-7705,"727 E Landis Ave #2, Vineland, NJ 08360, USA",,No Website,lawyer,5,3,mgruccio@grucciolaw.com
2164,ChIJW8rdlQB5_IgRLo5NpMz7TYg,Law Office of Maria Belbas Parker P.A.,(843) 341-9200,"7 Finch St Ste 7A, Hilton Head Island, SC 29926, USA",,No Website,lawyer,5,1,maria@mariaparkerlaw.com
2165,ChIJF90DAHV5_IgRwPBYaR-RM8A,"CoffeyKubec, LLP",(843) 422-4488,"18 Executive Park Rd #3, Hilton Head Island, SC 29928, USA",,No Website,lawyer,4.7,3,info@coffeykubec.com
2166,ChIJRfWi36J5_IgRwbOe3AFD62Y,"Estate Planning Firm of Hilton Head, LLC",(843) 785-6101,"2 Park Ln, Hilton Head Island, SC 29928, USA",,No Website,consultant,1,1,info@estateplanningfirm.com
2168,ChIJ_UsMSbQN_IgRiEU-VyLCGvA,Logan Law Firm,(843) 524-0042,"806 Charles St, Beaufort, SC 29902, USA",,No Website,lawyer,4.8,21,info@loganlawfirmsc.com
2169,ChIJ7xCmmHUN_IgRQdlbMQn6XZI,"Harper Law Firm, LLC",(843) 524-8595,"2015 Boundary St Ste 315, Beaufort, SC 29902, USA",,No Website,lawyer,5,1,info@harperlawfirmsc.com
2170,ChIJc2H44bMN_IgRLbcygNCeKJI,Gilley D Cabell,(843) 522-9000,"811 Craven St, Beaufort, SC 29902, USA",,No Website,lawyer,5,1,info@gilleydcabell.com
2171,ChIJwRRMo2aRqIkRmtbZf8JFlVo,"AMIE M. HUBER, ATTORNEY AT LAW",(252) 648-0011,"613 Cedar St Ste C, Beaufort, NC 28516, USA",,No Website,lawyer,5,1,amie@amiehuberlaw.com
2172,ChIJhdUTp3UN_IgRuuXxsJBKLPY,Mikell J Thomas,(843) 524-2110,"14 Professional Village Cir, Beaufort, SC 29907, USA",,No Website,lawyer,5,3,info@mikellthomaslaw.com
2173,ChIJeZiWLbIN_IgRcNI2cNLsfnA,Scott Vernell I,(843) 522-9841,"907 Bay St, Beaufort, SC 29902, USA",,No Website,lawyer,2,1,info@scottvernelllaw.com
2174,ChIJrcJifHUN_IgRhJeYtI6DyTk,Dore Anthony O,(843) 522-9112,"133 Sea Island Pkwy, Beaufort, SC 29907, USA",,No Website,lawyer,5,6,info@doreanthonylaw.com
2175,ChIJ7xCmmHUN_IgRQdlbMQn6XZI,"Harper Law Firm, LLC",(843) 524-8595,"2015 Boundary St Ste 315, Beaufort, SC 29902, USA",,No Website,lawyer,5,1,info@harperlawfirmsc.com
2176,ChIJ_UsMSbQN_IgRiEU-VyLCGvA,Logan Law Firm,(843) 524-0042,"806 Charles St, Beaufort, SC 29902, USA",,No Website,lawyer,4.8,21,info@loganlawfirmsc.com
2177,ChIJc2H44bMN_IgRLbcygNCeKJI,Gilley D Cabell,(843) 522-9000,"811 Craven St, Beaufort, SC 29902, USA",,No Website,lawyer,5,1,info@gilleydcabell.com
2178,ChIJeZiWLbIN_IgRcNI2cNLsfnA,Scott Vernell I,(843) 522-9841,"907 Bay St, Beaufort, SC 29902, USA",,No Website,lawyer,2,1,info@scottvernelllaw.com
2179,ChIJ5TqL950N_IgRFU2Ac4DsOwA,"Ralph V. Baldwin, Jr Attorney at Law",(843) 524-3958,"1 Professional Dr, Port Royal, SC 29935, USA",,No Website,lawyer,5,2,ralph@ralphbaldwinlaw.com
2190,ChIJId40_rN1-4gRJfkOTxfsIn8,"Bignault & Carter, LLC",(912) 356-0388,"130 Canal St Ste 401, Pooler, GA 31322, USA",,No Website,consultant,3,4,info@bignaultcarter.com
2191,ChIJ5TqL950N_IgRFU2Ac4DsOwA,"Ralph V. Baldwin, Jr Attorney at Law",(843) 524-3958,"1 Professional Dr, Port Royal, SC 29935, USA",,No Website,lawyer,5,2,ralph@ralphbaldwinlaw.com
2192,ChIJ05d0dXoKw4kRB5nYujuB4BQ,ALL ABOUT CLEANING YOUR HOME LLC,(973) 216-9594,"320 E Main St, Rockaway, NJ 07866, USA",,No Website,service,5,13,info@allaboutcleaningyourhome.com
2194,ChIJ11iTJjkLw4kReov9EQ6j0r8,DEEP Suds Cleaning Service,(973) 974-9955,"70 Lake Shore Dr, Rockaway, NJ 07866, USA",,No Website,service,5,6,info@deepsudscleaning.com
2195,ChIJtc8eIP2nw4kRqV4pPwrhYIc,DEAN'S CLEANING SERVICES LLC,(973) 539-0000,"23 Fairchild Ave, Morris Plains, NJ 07950, USA",,No Website,service,5,2,info@deanscleaningservices.com
2196,ChIJGXsYOboHw4kRtHCxymFTnlg,Mop Quest Cleaning Services,(877) 799-5395,"18 Seminole Ave, Lake Hiawatha, NJ 07034, USA",,No Website,service,4.8,97,info@mopquest.com
2197,ChIJ05d0dXoKw4kRB5nYujuB4BQ,ALL ABOUT CLEANING YOUR HOME LLC,(973) 216-9594,"320 E Main St, Rockaway, NJ 07866, USA",,No Website,service,5,13,info@allaboutcleaningyourhome.com
2198,ChIJ11iTJjkLw4kReov9EQ6j0r8,DEEP Suds Cleaning Service,(973) 974-9955,"70 Lake Shore Dr, Rockaway, NJ 07866, USA",,No Website,service,5,6,info@deepsudscleaning.com
2202,ChIJGXsYOboHw4kRtHCxymFTnlg,Mop Quest Cleaning Services,(877) 799-5395,"18 Seminole Ave, Lake Hiawatha, NJ 07034, USA",,No Website,service,4.8,97,info@mopquest.com
2203,ChIJl1OnFJsJw4kRZAf3cuc_Z68,Brilliant commercial cleaning LLC,(973) 415-7667,"320 Madison St, Boonton, NJ 07005, USA",,No Website,service,5,1,info@brilliantcommercialcleaning.com
2204,ChIJq_EyRaAJw4kRQxFNTcevYQU,GUT & FLO LLC Wash and Fold,(973) 588-3336,"417 Main St, Boonton, NJ 07005, USA",,No Website,laundry,5,27,info@gutandflowashandfold.com
2205,ChIJF3oE6IeFw4kR5klo-ZQgy6o,BK&G Cleaning Services LLC,(908) 343-1063,"108 Freeway Ave, Hackettstown, NJ 07840, USA",,No Website,housing_complex,5,10,info@bkgcleaningservices.com
2206,ChIJPwvCyXGDw4kRiqJigb8S_RE,Jireh House & Office Cleaning Service,(908) 205-4648,"253 Main St, Hackettstown, NJ 07840, USA",,No Website,service,5,9,info@jirehcleaningnj.com
2207,ChIJFSdToE6Dw4kR_gScuVDQP4Y,D-martinez cleaning,(908) 642-5540,"101 1st Ave, Hackettstown, NJ 07840, USA",,No Website,service,,,info@dmartinezcleaning.com
2208,ChIJO1sTyxinw4kRUR5rDClWBEE,Amanda house cleaning,(973) 216-8514,"125 Western Ave, Morristown, NJ 07960, USA",,No Website,service,5,8,info@amandahousecleaning.com
2209,ChIJtc8eIP2nw4kRqV4pPwrhYIc,DEAN'S CLEANING SERVICES LLC,(973) 539-0000,"23 Fairchild Ave, Morris Plains, NJ 07950, USA",,No Website,service,5,2,info@deanscleaningservices.com
2210,ChIJGXsYOboHw4kRtHCxymFTnlg,Mop Quest Cleaning Services,(877) 799-5395,"18 Seminole Ave, Lake Hiawatha, NJ 07034, USA",,No Website,service,4.8,97,info@mopquestcleaningservices.com
2211,ChIJDeSSSY-nw4kR-Cdfi5Km9bw,Diamond hands cleaning,(917) 293-2237,"114 Franklin St, Morristown, NJ 07960, USA",,No Website,service,5,3,info@diamondhandscleaning.com
2212,ChIJ05d0dXoKw4kRB5nYujuB4BQ,ALL ABOUT CLEANING YOUR HOME LLC,(973) 216-9594,"320 E Main St, Rockaway, NJ 07866, USA",,No Website,service,5,13,allaboutcleaningyourhomellc@gmail.com
2213,ChIJV17XwHILw4kRm882oG9nAoI,Cleaning Services,(973) 905-2583,"10 E Blackwell St, Dover, NJ 07801, USA",,No Website,service,,,jjcleaningservicellc@gmail.com
2214,ChIJ05d0dXoKw4kRB5nYujuB4BQ,ALL ABOUT CLEANING YOUR HOME LLC,(973) 216-9594,"320 E Main St, Rockaway, NJ 07866, USA",,No Website,service,5,13,allaboutcleaningyourhomellc@gmail.com
2215,ChIJb11WuHwLw4kR5lesaQVxFWU,Vanesa Cleaning Services LLC,(973) 714-9625,"197 Washington Ave, Dover, NJ 07801, USA",,No Website,service,5,4,vanesascleaningservicesllc@gmail.com
2217,ChIJ11iTJjkLw4kReov9EQ6j0r8,DEEP Suds Cleaning Service,(973) 974-9955,"70 Lake Shore Dr, Rockaway, NJ 07866, USA",,No Website,service,5,6,deepsuds@gmail.com
2218,ChIJQVlG7GALw4kRazjBRz1sMfY,Uribes Cleaning Company,(302) 306-6476,"1 Thompson Ave, Dover, NJ 07801, USA",,No Website,service,,,uribescleaningcompany@gmail.com
2219,ChIJG79SZgALw4kRKArmTrkJ4Og,READY TO CLEAN J&D LLC,(786) 690-5505,"243 Mt Hope Ave, Dover, NJ 07801, USA",,No Website,service,5,1,ready.to.clean.jd.llc@gmail.com
2221,ChIJGXsYOboHw4kRtHCxymFTnlg,Mop Quest Cleaning Services,(877) 799-5395,"18 Seminole Ave, Lake Hiawatha, NJ 07034, USA",,No Website,service,4.8,97,info@mopquest.com
2222,ChIJtc8eIP2nw4kRqV4pPwrhYIc,DEAN'S CLEANING SERVICES LLC,(973) 539-7777,"23 Fairchild Ave, Morris Plains, NJ 07950, USA",,No Website,service,5,2,deanscleaningservicesllc@gmail.com
2225,ChIJGXsYOboHw4kRtHCxymFTnlg,Mop Quest Cleaning Services,(877) 799-5395,"18 Seminole Ave, Lake Hiawatha, NJ 07034, USA",,No Website,service,4.8,97,info@mopquest.com
2226,ChIJTUt-Hsmxw4kR6KqBQ5c9bl8,Fanny's Cleaning Services,(732) 259-9347,"323 Leland Ave, Plainfield, NJ 07062, USA",,No Website,service,4.9,188,fannyscleaningservices@gmail.com
2227,ChIJdXKKlKK5w4kRqSZ0QFKxcjI,Sara Glez Cleaning Service LLC,(908) 247-2116,"312 Front St, Dunellen, NJ 08812, USA",,No Website,service,5,1,saraglezcleaningservice@gmail.com
2228,ChIJTUt-Hsmxw4kR6KqBQ5c9bl8,Fanny's Cleaning Services,(732) 259-9347,"323 Leland Ave, Plainfield, NJ 07062, USA",,No Website,service,4.9,188,fannyscleaningservices@gmail.com
2229,ChIJcxDXd6i5w4kRrtZmeFksEtI,Magic Blue Cleaning Service LLC,(732) 434-8425,"560 South Ave, Dunellen, NJ 08812, USA",,No Website,service,5,7,magicbluecleaningservice@gmail.com
2230,ChIJEWMHbo24w4kReTMzmQ5IPDg,"Spic & Span Pros Power Washing, Window & Gutter Cleaning",(732) 648-4094,"301 N Randolphville Rd #73, Piscataway, NJ 08854, USA",,No Website,service,4.9,144,info@spicandspanpros.com
2231,ChIJEXjoosq_w4kRFQnPiVRaVpg,Starbrite maintenance LLC.,(908) 285-8568,"11 E High St, Bound Brook, NJ 08805, USA",,No Website,service,5,103,info@starbritemaintenance.com
2232,ChIJdXKKlKK5w4kRqSZ0QFKxcjI,Sara Glez Cleaning Service LLC,(908) 247-2116,"312 Front St, Dunellen, NJ 08812, USA",,No Website,service,5,1,saraglezcleaningservice@gmail.com
2234,ChIJv5miofw7c0wRqNKBA3GAAzU,Sprout Cleaning Services LLC,(908) 494-0504,"7000 Hadley Rd #1021, South Plainfield, NJ 07080, USA",,No Website,service,4.4,7,info@sproutcleaningservices.com
2236,ChIJ05d0dXoKw4kRB5nYujuB4BQ,ALL ABOUT CLEANING YOUR HOME LLC,(973) 216-9594,"320 E Main St, Rockaway, NJ 07866, USA",,No Website,service,5,13,info@allaboutcleaningyourhome.com
2238,ChIJ11iTJjkLw4kReov9EQ6j0r8,DEEP Suds Cleaning Service,(973) 974-9955,"70 Lake Shore Dr, Rockaway, NJ 07866, USA",,No Website,service,5,6,info@deepsudscleaning.com
2239,ChIJGXsYOboHw4kRtHCxymFTnlg,Mop Quest Cleaning Services,(877) 799-5395,"18 Seminole Ave, Lake Hiawatha, NJ 07034, USA",,No Website,service,4.8,97,info@mopquest.com
2240,ChIJb11WuHwLw4kR5lesaQVxFWU,Vanesa Cleaning Services LLC,(973) 714-9625,"197 Washington Ave, Dover, NJ 07801, USA",,No Website,service,5,4,info@vanesacleaningservices.com
2241,ChIJX8d974cJw4kRO736wSFVonU,B&B Cleaning Service,(973) 784-3869,"8 Rockwood Dr, Rockaway, NJ 07866, USA",,No Website,service,5,1,contact@bbcleaningservice.net
2242,ChIJKxmyiEuEwYkRBmLp41hZCys,jerzey shore maids,(732) 575-8367,"PO Box 3114, Point Pleasant, NJ 08742, USA",,No Website,service,5,4,hello@jerzeyshoremaids.com
2243,ChIJ9-SoFTWEwYkR_y6-bYjyAJA,Kathleen the Irish Cleanser,(732) 295-1149,"2601 Bridge Ave, Point Pleasant, NJ 08742, USA",,No Website,service,4.4,8,kathleen@kathleentheirishcleanser.biz
2244,ChIJ9V1fj6aFwYkRvDRLMpUlLxY,Squeaky Cleaners,(732) 948-7311,"535 Crestview Terrace, Point Pleasant, NJ 08742, USA",,No Website,service,,,service@squeakycleanersnj.com
2245,ChIJGXsYOboHw4kRtHCxymFTnlg,Mop Quest Cleaning Services,(877) 799-5395,"18 Seminole Ave, Lake Hiawatha, NJ 07034, USA",,No Website,service,4.8,97,support@mopquestclean.com
2247,ChIJ49ECSDWEwYkRI4tuU6axr8Q,Kim & Jenn Cleaners & Tailors,(732) 295-1981,"2507 Bridge Ave, Point Pleasant, NJ 08742, USA",,No Website,laundry,4.2,55,info@kimjenncleaners.com
2248,ChIJJfVdRkEzx4kRioyI3zkMJ7c,Julia cleaning service,(856) 982-4163,"2146 Palermo Ave, Vineland, NJ 08361, USA",,No Website,service,5,5,contact@juliacleaningservice.net
2250,ChIJ6TcnsT0tx4kRmvAuz7pczAQ,ISH Cleaning Services,(856) 818-7290,"777 N Main Rd Suite C, Vineland, NJ 08360, USA",,No Website,service,,,info@ishcleaningservices.com
2251,ChIJv_weHdMzx4kRAkbZz5iu2oQ,Contractor Cleaning Services LLC,(856) 794-2286,"1955 S Orchard Rd, Vineland, NJ 08360, USA",,No Website,service,5,1,contractorcleaningservicesllc@gmail.com
2257,ChIJ0yJgfWUyx4kR5hFbrs6Ihlg,"G&H A1R Duct CLeaning & Dryer Vent Cleaning Service Vineland, NJ",(856) 569-1060,"433 1/2 Landis Ave, Vineland, NJ 08360, USA",,No Website,service,4.7,9,ghairductcleaning@gmail.com
2259,ChIJZ6RxBIR3_IgRksP7CxGMTwk,Queens of Clean,(912) 682-3245,"49 Summerfield Ct, Hilton Head Island, SC 29926, USA",,No Website,service,5,2,queensofcleanhhi@gmail.com
2260,ChIJ44RzUUt3_IgRJVTlGA3EwMc,"M&D Cleaning, LLC",(843) 715-0637,"15 Palmetto Business Park Rd, Hilton Head Island, SC 29928, USA",,No Website,employment_agency,5,1,info@mdcleaninghhi.com
2262,ChIJqeY8M8YN_IgR-Yqjo2U1UFk,Ali´s Cleaning LLC,(843) 605-2141,"1 Professional Dr Ste 3, Port Royal, SC 29935, USA",https://www.facebook.com/share/1QQP3ZD2Qf/,Social Media Only,service,5,20,info@aliscleaningllc.com
2264,ChIJOXUqm1gN_IgRvn2jIMuQa6M,Serenity Cleaning Service,(843) 252-7044,"123 Wiggins Rd, Beaufort, SC 29907, USA",,No Website,service,,,serenitycleaningservice@gmail.com
2265,ChIJI2kXpJeQqIkRlKG3RpRDZgs,Crystal Clean Cleaning Service,(252) 723-7169,"1103 Cedar St, Beaufort, NC 28516, USA",,No Website,service,4.1,21,info@crystalcleancleaningnc.com
2266,ChIJqeY8M8YN_IgR-Yqjo2U1UFk,Ali´s Cleaning LLC,(843) 605-2141,"1 Professional Dr Ste 3, Port Royal, SC 29935, USA",https://www.facebook.com/share/1QQP3ZD2Qf/,Social Media Only,service,5,20,info@aliscleaningllc.com
2268,ChIJb7EsV1uM-4gR-JA05i69JVA,Bizzy Bee Cleaning Service,(843) 683-0426,"19 Ashepoo Dr, Okatie, SC 29909, USA",https://www.facebook.com/Bizzybeecleaningservices,Social Media Only,service,5,1,bizzybeecleaningsc@gmail.com
2269,ChIJT58XIESJ-4gRKgaVwrc65To,By The Ocean Cleaning Company,(843) 540-7316,"17 Goethe Rd, Bluffton, SC 29910, USA",,No Website,service,5,1,info@bytheoceancleaning.com
2276,ChIJeyW5F86L_ogRnzjIAsz5jbI,Palmetto Shine Cleaning LLC,(904) 344-8280,"200 Marie Ln, Summerville, SC 29485, USA",,No Website,service,5,1,info@palmettoshinecleaning.com
2279,ChIJQxYzzhpg_ogRN_LZ6sS7GqA,"Carolina Clean Team SC, LLC",(843) 932-1441,"110 Edgebrook Dr suite 29, Summerville, SC 29486, USA",,No Website,service,4.6,10,carolinacleanteamscllc@gmail.com
2310,ChIJv71t0213wYkRF-8lx61CeTk,The Elegant Closet Company,(732) 523-0114,"1930 Lakewood Rd Unit 109, Toms River, NJ 08755, USA",,No Website,manufacturer,5,13,info@elegantclosetcompany.com
2311,ChIJuf3SqRgL_IgRzgFChAgjODk,Distinctive Closets & More,(843) 379-3005,"745 Robert Smalls Pkwy, Beaufort, SC 29906, USA",,No Website,general_contractor,,,info@distinctiveclosetsandmore.com
2312,ChIJH6cKJ75v_ogRiErUWMZUKC8,Closets By Elena,(843) 708-0007,"1942 Daniel Island Dr, Daniel Island, SC 29492, USA",,No Website,service,5,3,elena@closetsbyelena.com
2314,ChIJuf3SqRgL_IgRzgFChAgjODk,Distinctive Closets & More,(843) 379-3005,"745 Robert Smalls Pkwy, Beaufort, SC 29906, USA",,No Website,general_contractor,,,info@distinctiveclosetsandmore.com
2315,ChIJH6cKJ75v_ogRiErUWMZUKC8,Closets By Elena,(843) 708-0007,"1942 Daniel Island Dr, Daniel Island, SC 29492, USA",,No Website,service,5,3,elena@closetsbyelena.com
2316,ChIJH6cKJ75v_ogRiErUWMZUKC8,Closets By Elena,(843) 708-0007,"1942 Daniel Island Dr, Daniel Island, SC 29492, USA",,No Website,service,5,3,elena@closetsbyelena.com
2317,ChIJH6cKJ75v_ogRiErUWMZUKC8,Closets By Elena,(843) 708-0007,"1942 Daniel Island Dr, Daniel Island, SC 29492, USA",,No Website,service,5,3,elena@closetsbyelena.com
2318,ChIJH6cKJ75v_ogRiErUWMZUKC8,Closets By Elena,(843) 708-0007,"1942 Daniel Island Dr, Daniel Island, SC 29492, USA",,No Website,service,5,3,elena@closetsbyelena.com
2319,ChIJH6cKJ75v_ogRiErUWMZUKC8,Closets By Elena,(843) 708-0007,"1942 Daniel Island Dr, Daniel Island, SC 29492, USA",,No Website,service,5,3,elena@closetsbyelena.com
2320,ChIJH6cKJ75v_ogRiErUWMZUKC8,Closets By Elena,(843) 881-3000,"Daniel Island Dr, Daniel Island, SC 29492, USA",,No Website,service,5,3,info@closetsbyelena.com
2321,ChIJlR55wBQP-4gRQVq3db6qQFY,Stages Organizing Service LLC.,(912) 707-9266,"11 Savannah Ln, Richmond Hill, GA 31324, USA",,No Website,service,,,contact@stagesorganizing.com
2322,ChIJH6cKJ75v_ogRiErUWMZUKC8,Closets By Elena,(843) 881-3000,"Daniel Island Dr, Daniel Island, SC 29492, USA",,No Website,service,5,3,info@closetsbyelena.com
2323,ChIJ1-5x9KV_-4gRpN_R7E_xj9I,T S Chu & Co,(912) 786-4561,"6 Tybrisa St, Tybee Island, GA 31328, USA",,No Website,department_store,4.6,81,admin@tschucpa.com
2326,ChIJ9fdVzsIJw4kRdjT1fPpHRCk,"Frank OLeary Photography, LLC",(201) 696-2536,"56 E Shore Rd, Denville, NJ 07834, USA",,No Website,service,,,frank@frankolearyphotography.com
2327,ChIJa2qk7nsFw4kRT3MB94uTB3w,Trilogy Creatives,(973) 580-6648,"84 Broadway Ste E, Denville, NJ 07834, USA",,No Website,service,5,7,hello@trilogycreatives.com
2328,ChIJadNuzOmfw4kRKciRiX1qxBc,"Vivid Photography by Karima, LLC",(973) 927-1364,"155 Canfield Ave, Randolph, NJ 07869, USA",,No Website,service,5,14,karima@vividphotographybykarima.com
2331,ChIJ9RUj0ySDw4kRktdzPZmUwHk,Headshots New Jersey,(908) 219-7605,"4 Pocahontas Pl, Hackettstown, NJ 07840, USA",,No Website,service,,,info@headshotsnewjersey.com
2332,ChIJtT__p6Dqw4kRxN0jxtyyWmU,D'Avril Photography LLC,(908) 625-2440,"250 Rockport Rd, Port Murray, NJ 07865, USA",https://www.instagram.com/davrilphotography?igsh=MWl1M3duZmI2OW41Mw%3D%3D&utm_source=qr|davrilphotography.com,Social Media Only,service,5,15,info@davrilphotography.com
2333,ChIJQ-rl6ZKmw4kRC7P2S3_LjOs,"Jenn-Ro Photography, LLC",(267) 481-4315,"100 Ridgedale Ave, Morristown, NJ 07960, USA",,No Website,service,5,2,jennrophotography@gmail.com
2334,ChIJS1XjAhoLw4kR-eurpWT-SzQ,LIT Creative 360 LLC,(973) 609-2773,"87 W Clinton St, Dover, NJ 07801, USA",,No Website,service,5,9,info@litcreative360.com
2336,ChIJhVvMyx8Lw4kRebUxORS_PJ0,Staying Fresh HQ,(973) 366-0000,"1 Prospect St, Dover, NJ 07801, USA",,No Website,service,5,1,info@stayingfreshhq.com
2337,ChIJadNuzOmfw4kRKciRiX1qxBc,"Vivid Photography by Karima, LLC",(973) 927-1364,"155 Canfield Ave, Randolph, NJ 07869, USA",,No Website,service,5,14,karima@vividphotographybykarima.com
2338,ChIJb0R2LlOhw4kRVml5cCwCZAQ,Professional Photographer,(973) 335-3305,"180 Littleton Rd, Parsippany, NJ 07054, USA",,No Website,service,5,1,info@parsippanyphotostudio.com
2340,ChIJkafAnAKtw4kR5ZXCpI6zCx4,Rolando Studio Photography,(862) 353-8102,"256 Main St, Millburn, NJ 07041, USA",http://www.instagram.com/rolandostudios,Social Media Only,service,5,5,rolandostudiophotography@gmail.com
2341,ChIJHTX_NWSvw4kRZk1FHB9tx6U,Bennyyflicks LLC,(908) 313-3339,"1200 Morris Tpke, Short Hills, NJ 07078, USA",,No Website,service,5,3,bennyyflicks@gmail.com
2343,ChIJc-9P46u5w4kR_67A1IyBcCQ,Jananam Photography LLC,(848) 239-7494,"1847 Brunella Ave, Piscataway, NJ 08854, USA",https://www.facebook.com/Jananamphotography,Social Media Only,service,5,11,jananamphotography@gmail.com
2347,ChIJpdOn2N7RxokR6KXKPX8HTU4,MTI Photography,(856) 371-6638,"East Greenwich Muncipal Building, 159 Democrat Rd Ste a, Box 482, Mickleton, NJ 08056, USA",https://www.facebook.com/MTIPhotography/,No Website,service,5,14,mtiphotography@gmail.com
2348,ChIJz8OYaLItx4kREmYpfVcKIRk,Hip Fish Photo Flow,(856) 371-5307,"1570 Forest Grove Rd, Vineland, NJ 08360, USA",https://www.facebook.com/HipFishPhotoFlow/,No Website,service,,,hipfishphotoflow@gmail.com
2349,ChIJKeDhX3Myx4kRkX9IGJ0tHTI,"Celestial Images Photography Studios, Inc.",(856) 213-6468,"508 NW Ave, Vineland, NJ 08360, USA",https://www.facebook.com/CelestialImagesPhotographyStudiosInc/,No Website,service,5,2,celestialimagesphotography@gmail.com
2355,ChIJ7Vjq3_8L_IgR2ygxci3cd9Q,Photography by Nando Arturo,(917) 456-4516,"Cobia Dr, Beaufort, SC 29906, USA",,No Website,service,4.8,4,nando@nandoarturo.com
2356,ChIJU6jCGTyJ-4gRn4s2Bm9wfj0,Iron Hook Photography,(843) 422-0959,"9473 Lands End Ln, St Helena Island, SC 29920, USA",,No Website,service,5,8,info@ironhookphotography.com
2357,ChIJ7Vjq3_8L_IgR2ygxci3cd9Q,Photography by Nando Arturo,(917) 456-4516,"Cobia Dr, Beaufort, SC 29906, USA",,No Website,service,4.8,4,nando@nandoarturo.com
2358,ChIJ-zShMTFs_ogRYrpwUxdVqCM,Ken Bowman Photography LLC,(843) 270-1805,"1361 Sassafrass Cir, Mt Pleasant, SC 29466, USA",,No Website,service,5,11,ken@kenbowmanphotography.com
2359,ChIJvTj2jRN6_ogRIahDokkWN-k,VB Photo Lab & Studio Summerville Photographers,(843) 364-3304,"114 E Richardson Ave Ste b, Summerville, SC 29483, USA",,No Website,service,4.6,9,info@vbphotolab.com
2361,ChIJfY7MgRFjQAYRiFkiETC9uP8,CSLEE Creative,(843) 800-0000,"22 Westedge St, Charleston, SC 29403, USA",,No Website,service,5,28,hello@csleecreative.com
2362,ChIJdywWYmGl-4gRNuUln95n1xI,Great Photos By Stan Photography,(912) 604-6796,"367 Southwilde Way, Pooler, GA 31322, USA",,No Website,service,5,4,stan@greatphotosbystan.com
2363,ChIJCYyp9uMP-4gRH9nfas5bJxY,Anastasia Sade Photography,(912) 335-9618,"128 Frances Meeks Way #9, Richmond Hill, GA 31324, USA",https://www.facebook.com/AnastasiaSadePhotography/,Social Media Only,service,4.5,11,anastasiasadephotography@gmail.com
2364,ChIJ_b5qKYkP-4gRJCpJ0ZxZsJA,Crystal and Lace Photography,(903) 253-4301,"25 Canyon Oak Loop, Richmond Hill, GA 31324, USA",,No Website,service,5,3,crystalandlacephotography@gmail.com
2365,ChIJNUqZFpx_-4gR5txgxaw2F3A,David Smalls Photography,(912) 257-5232,"8 Brewers Ldg, Tybee Island, GA 31328, USA",,No Website,service,,,info@davidsmallsphotography.com
2366,ChIJK7iRWJumw4kRrr_ex5xHVD0,Cioce Jr Anthony J DO - Concierge Medicine,(973) 267-9400,"95 Madison Ave Ste #409, Morristown, NJ 07960, USA",,No Website,doctor,5,4,info@morristownconciergemedicine.com
2367,ChIJueN9STwGw4kRCClmhdxUKy8,Sunflower Concierge LLC,(973) 906-1285,"102 Toner Rd, Boonton, NJ 07005, USA",,No Website,service,,,info@sunflowerconcierge.com
2368,ChIJGfHK46IJw4kRRHGTWahSzrM,The Women’s Care Source,(973) 285-0400,"16 Pocono Rd Ste 309, Denville, NJ 07834, USA",,No Website,medical_clinic,4.2,87,info@womenscaresource.com
2369,ChIJK7iRWJumw4kRg7KH4bTV2iQ,Aronwald Bruce A DO - Concierge Medicine,(973) 267-9400,"95 Madison Ave Ste #409, Morristown, NJ 07960, USA",,No Website,doctor,5,4,info@morristownconciergemedicine.com
2370,ChIJ6SutFhcBw4kR_HUlDOWRrOk,The Contracting Concierge,(973) 665-4314,"9 Central Ave, Caldwell, NJ 07006, USA",,No Website,general_contractor,5,3,info@thecontractingconcierge.com
2371,ChIJK7iRWJumw4kRrr_ex5xHVD0,Cioce Jr Anthony J DO - Concierge Medicine,(973) 267-9400,"95 Madison Ave Ste #409, Morristown, NJ 07960, USA",,No Website,doctor,5,4,info@morristownconciergemedicine.com
2372,ChIJK7iRWJumw4kRg7KH4bTV2iQ,Aronwald Bruce A DO - Concierge Medicine,(973) 267-9400,"95 Madison Ave Ste #409, Morristown, NJ 07960, USA",,No Website,doctor,5,4,info@morristownconciergemedicine.com
2373,ChIJueN9STwGw4kRCClmhdxUKy8,Sunflower Concierge LLC,(973) 906-1285,"102 Toner Rd, Boonton, NJ 07005, USA",,No Website,service,,,info@sunflowerconcierge.com
2374,ChIJueN9STwGw4kRCClmhdxUKy8,Sunflower Concierge LLC,(973) 906-1285,"102 Toner Rd, Boonton, NJ 07005, USA",,No Website,service,,,info@sunflowerconcierge.com
2375,ChIJK7iRWJumw4kRrr_ex5xHVD0,Cioce Jr Anthony J DO - Concierge Medicine,(973) 267-9400,"95 Madison Ave Ste #409, Morristown, NJ 07960, USA",,No Website,doctor,5,4,info@morristownconciergemedicine.com
2376,ChIJK7iRWJumw4kRrr_ex5xHVD0,Cioce Jr Anthony J DO - Concierge Medicine,(973) 267-9400,"95 Madison Ave Ste #409, Morristown, NJ 07960, USA",,No Website,doctor,5,4,info@morristownconciergemedicine.com
2377,ChIJjfvV2qGDw4kR3_uapW69t1E,MD Physician Management LLC,(908) 979-1010,"200 Grand Ave, Hackettstown, NJ 07840, USA",,No Website,doctor,,,info@mdpmllc.com
2378,ChIJK7iRWJumw4kRg7KH4bTV2iQ,Aronwald Bruce A DO - Concierge Medicine,(973) 267-9400,"95 Madison Ave Ste #409, Morristown, NJ 07960, USA",,No Website,doctor,5,4,info@morristownconciergemedicine.com
2379,ChIJK7iRWJumw4kRrr_ex5xHVD0,Cioce Jr Anthony J DO - Concierge Medicine,(973) 267-9400,"95 Madison Ave Ste #409, Morristown, NJ 07960, USA",,No Website,doctor,5,4,info@morristownconciergemedicine.com
2380,ChIJK7iRWJumw4kRg7KH4bTV2iQ,Aronwald Bruce A DO - Concierge Medicine,(973) 267-9400,"95 Madison Ave Ste #409, Morristown, NJ 07960, USA",,No Website,doctor,5,4,info@conciergemedicinemorristown.com
2383,ChIJK7iRWJumw4kRrr_ex5xHVD0,Cioce Jr Anthony J DO - Concierge Medicine,(973) 267-9400,"95 Madison Ave Ste #409, Morristown, NJ 07960, USA",,No Website,doctor,5,4,info@conciergemedicinemorristown.com
2384,ChIJK7iRWJumw4kRrr_ex5xHVD0,Cioce Jr Anthony J DO - Concierge Medicine,(973) 267-9400,"95 Madison Ave Ste #409, Morristown, NJ 07960, USA",,No Website,doctor,5,4,info@conciergemedicinemorristown.com
2385,ChIJueN9STwGw4kRCClmhdxUKy8,Sunflower Concierge LLC,(973) 906-1285,"102 Toner Rd, Boonton, NJ 07005, USA",,No Website,service,,,info@sunflowerconciergellc.com
2386,ChIJK7iRWJumw4kRg7KH4bTV2iQ,Aronwald Bruce A DO - Concierge Medicine,(973) 267-9400,"95 Madison Ave Ste #409, Morristown, NJ 07960, USA",,No Website,doctor,5,4,info@conciergemedicinemorristown.com
2387,ChIJK7iRWJumw4kRrr_ex5xHVD0,Cioce Jr Anthony J DO - Concierge Medicine,(973) 267-9400,"95 Madison Ave Ste #409, Morristown, NJ 07960, USA",,No Website,doctor,5,4,info@conciergemedicinemorristown.com
2388,ChIJ4fvCAPKrw4kR4LB3Xbn_MyE,Concierge Skin Care,(973) 325-3606,"200 S Orange Ave, Livingston, NJ 07039, USA",,No Website,skin_care_clinic,,,info@conciergeskincare.com
2389,ChIJLy6aaympw4kRhYzwYjHrrHk,Siegler Center Integrative Medical,(973) 322-7007,"200 S Orange Ave, Livingston, NJ 07039, USA",,No Website,medical_clinic,,,info@sieglercenter.com
2390,ChIJYdToJEfHw4kRV8NXNIngGms,Sol Concierge Management Service,(848) 205-6634,"253 Park Ave, Piscataway, NJ 08854, USA",,No Website,transportation_service,5,2,info@solconcierge.com
2392,ChIJK7iRWJumw4kRrr_ex5xHVD0,Cioce Jr Anthony J DO - Concierge Medicine,(973) 267-9400,"95 Madison Ave Ste #409, Morristown, NJ 07960, USA",,No Website,doctor,5,4,info@cioceconciergemedicine.com
2394,ChIJYdToJEfHw4kRV8NXNIngGms,Sol Concierge Management Service,(848) 205-6634,"253 Park Ave, Piscataway, NJ 08854, USA",,No Website,transportation_service,5,2,info@solconcierge.com
2397,ChIJlym_AwCdwYkRZLLLjDJximY,BeautifiMe Concierge Aesthetics,(443) 480-6376,"621 Bay Ave, Toms River, NJ 08753, USA",https://www.facebook.com/share/1EnjE33RdX/?mibextid=wwXIfr,Social Media Only,spa,5,7,info@beautifime.com
2399,ChIJK7iRWJumw4kRrr_ex5xHVD0,Cioce Jr Anthony J DO - Concierge Medicine,(973) 267-9400,"95 Madison Ave Ste #409, Morristown, NJ 07960, USA",,No Website,doctor,5,4,info@cioceconciergemedicine.com
2400,ChIJK7iRWJumw4kRg7KH4bTV2iQ,Aronwald Bruce A DO - Concierge Medicine,(973) 267-9400,"95 Madison Ave Ste #409, Morristown, NJ 07960, USA",,No Website,doctor,5,4,info@aronwaldconciergemedicine.com
2402,ChIJm8YqLLF__ogRHK8nvWEuF_I,Charleston Personal Concierge,(843) 401-3288,"2028 State Rd S-10-1502, Johns Island, SC 29455, USA",,No Website,travel_agency,,,info@charlestonpersonalconcierge.com
2403,ChIJlUJMXXQM_IgRNaFQfD_XhGg,DScott Concierge and Events,(843) 252-3841,"69 Robert Smalls Pkwy, Suite 3G, Beaufort, SC 29906, USA",,No Website,wedding_venue,,,info@dscottconcierge.com
2404,ChIJkTsam2IN_IgRPEspFsAsLpU,DScott Concierge & Events,(843) 252-3841,"69 Robert Smalls Pkwy #3g, Beaufort, SC 29906, USA",,No Website,service,,,info@dscottconcierge.com
2405,ChIJlUJMXXQM_IgRNaFQfD_XhGg,DScott Concierge and Events,(843) 252-3841,"69 Robert Smalls Pkwy, Suite 3G, Beaufort, SC 29906, USA",,No Website,wedding_venue,,,info@dscottconcierge.com
2406,ChIJkTsam2IN_IgRPEspFsAsLpU,DScott Concierge & Events,(843) 252-3841,"69 Robert Smalls Pkwy #3g, Beaufort, SC 29906, USA",,No Website,service,,,info@dscottconcierge.com
2411,ChIJp4VLVGeL_ogR0nYpDAUghuY,Sweet Life Concierge,(843) 371-9516,"308 N Walnut St, Summerville, SC 29483, USA",,No Website,association_or_organization,,,info@sweetlifeconcierge.com
2412,ChIJ5WJSv2N7_ogRMMZVv4_o-e0,Angelic Home Care and Concierge Services,(843) 801-6906,"4 Carriage Ln, Ste 400G, Charleston, SC 29407, USA",,No Website,health,5,1,info@angelichomecareandconcierge.com
2413,ChIJm8YqLLF__ogRHK8nvWEuF_I,Charleston Personal Concierge,(843) 401-3288,"2028 State Rd S-10-1502, Johns Island, SC 29455, USA",,No Website,travel_agency,,,info@charlestonpersonalconcierge.com
2414,ChIJLducxBlx-4gRnJtFPBReAhM,Globetrot Travel Concierge,(912) 596-9506,"8 Pensyre Retreat, Savannah, GA 31411, USA",,No Website,travel_agency,5,1,info@globetrottravelconcierge.com
2416,ChIJ09h0ihx1-4gRpDMWaur1ng4,MonaLisa Anti- Aging & IV Retreat,(912) 777-3932,"11151 Abercorn St, Savannah, GA 31419, USA",,No Website,wellness_center,5,11,info@monalisaantiaging.com
2419,ChIJ66JKPBILw4kRpgra0b5Kl9Q,JM Solution Services LLC Dover NJ 07801,(201) 213-1707,"335 Washington Ave, Dover, NJ 07801, USA",,No Website,general_contractor,5,9,info@jmsolutionservices.com
2433,ChIJFaoYOoCgw4kR6xdgZ7UQxUE,J M Lifestyles LLC,(973) 668-5057,"220 Franklin Rd, Randolph, NJ 07869, USA",,No Website,general_contractor,4.4,27,info@jmlifestyles.com
2435,ChIJewmrszumv48RoBdd_fgmNVs,WECONSTRUTION LLC,(862) 357-9351,"103 River Rd, Boonton, NJ 07005, USA",https://www.instagram.com/we_constrution?igsh=MTVmMjZ4ZXBkbnk0Zg==&utm_source=qr,Social Media Only,general_contractor,,,weconstrution@gmail.com
2436,ChIJ66JKPBILw4kRpgra0b5Kl9Q,JM Solution Services LLC Dover NJ 07801,(201) 213-1707,"335 Washington Ave, Dover, NJ 07801, USA",,No Website,general_contractor,5,9,jmsolutionservicesllc@gmail.com
2449,ChIJE5fuQAB5xIkR7bUC8swnSXc,County concrete Corporation,(908) 453-4446,"193 Mt Pisgah Ave, Oxford, NJ 07863, USA",,No Website,general_contractor,,,info@countyconcrete.com
2460,ChIJ66JKPBILw4kRpgra0b5Kl9Q,JM Solution Services LLC Dover NJ 07801,(201) 213-1707,"335 Washington Ave, Dover, NJ 07801, USA",,No Website,general_contractor,5,9,info@jmsolutionservicesllc.com
2465,ChIJ66JKPBILw4kRpgra0b5Kl9Q,JM Solution Services LLC Dover NJ 07801,(201) 213-1707,"335 Washington Ave, Dover, NJ 07801, USA",,No Website,general_contractor,5,9,info@jmsolutionservicesllc.com
2468,ChIJ_eIhGh4Kw4kRwUXW3Qlsubw,"A. Cifelli Contracting, LLC",(973) 664-1046,"400 Richards Ave, Dover, NJ 07801, USA",,No Website,general_contractor,,,info@acifellicontracting.com
2470,ChIJL_rC8Nihw4kRYsVasUfLfJI,Catizone Construction,(973) 895-6255,"24 Calais Rd, Randolph, NJ 07869, USA",,No Website,general_contractor,5,1,info@catizoneconstruction.com
2471,ChIJuS0qPBTvwokRKQo_2N4WpAQ,MJ's Concrete Contractors Bergen County Nj,(201) 949-3330,"95 E Liberty Ave, Hillsdale, NJ 07642, USA",,No Website,general_contractor,4.9,19,info@mjsconcretecontractors.com
2472,ChIJ6UGoWIEhVIgRhO_-8ioWtls,Top Pro Masonry Of Summit Repair & Installation,(908) 897-3671,"27a Orchard St, Summit, NJ 07901, USA",,No Website,general_contractor,5,7,info@toppromasonry.com
2474,ChIJLxyAwrWvw4kR3Aqm0hMuZSs,Paytas Contracting,(908) 578-3755,"43 Linden Pl, Summit, NJ 07901, USA",,No Website,general_contractor,5,3,info@paytascontracting.com
2477,ChIJVcXvLSdpw4kRY-EeF3jp-1Q,Kovon Concrete,(973) 348-9223,"19 Gunn Rd, Branchville, NJ 07826, USA",,No Website,general_contractor,5,1,info@kovonconcrete.com
2479,ChIJ9RrRpIDGw4kRLNz9sIpsI58,Toscana Contractors LLC,(732) 247-1338,"451 Blackhorse Ln, North Brunswick Township, NJ 08902, USA",,No Website,general_contractor,4.6,10,info@toscanacontractors.com
2482,ChIJ0ysIeZV2iwQRTFuvh730gBQ,"JABE Construction LLC - Construction and Remodeling, General Construction Company New Brunswick NJ",(732) 402-3147,"329 Suydam St, New Brunswick, NJ 08901, USA",,No Website,general_contractor,5,4,jabeconstructionllc@gmail.com
2483,ChIJFxrEzpPEw4kRdR3VHjUkQMg,N J Chapter American Concrete,(732) 940-1803,"25 Ireland Brook Dr, North Brunswick Township, NJ 08902, USA",,No Website,service,4,1,info@njaci.org
2484,ChIJ085w7rTLw4kR0DBu1UdE3sE,Richiusa Mason & Concrete,(732) 727-0467,"419 Leffert St, South Amboy, NJ 08879, USA",,No Website,general_contractor,3.7,3,richiusamasonconcrete@gmail.com
2486,ChIJrQPFrLDFw4kRhj7IL74a59Y,The Nucon Group,(732) 254-2900,"143 Dutch Rd, East Brunswick, NJ 08816, USA",,No Website,general_contractor,5,1,info@thenucongroup.com
2488,ChIJs2u4Y_u4w4kRzIWoao-RWt4,Liberty Masons,(732) 968-7547,"469 Prospect Ave, Piscataway, NJ 08854, USA",,No Website,general_contractor,5,2,libertymasons@gmail.com
2489,ChIJ2aO_aCq_w4kRpFyzfFSgfn8,Carroccia Co,(732) 968-1010,"336 US-22, Green Brook Township, NJ 08812, USA",,No Website,general_contractor,3.8,16,carrocciaco@gmail.com
2490,ChIJ8XJWB5Yiw4kRjbCz9JytKH0,Triangle Concrete Pumping & Construction,(973) 853-2255,"11 Laurel Ave, Hewitt, NJ 07421, USA",,No Website,general_contractor,4.8,22,info@triangleconcretepumping.com
2491,ChIJuS0qPBTvwokRKQo_2N4WpAQ,MJ's Concrete Contractors Bergen County Nj,(201) 949-3330,"95 E Liberty Ave, Hillsdale, NJ 07642, USA",,No Website,general_contractor,4.9,19,mjsconcrete@gmail.com
2495,ChIJVcXvLSdpw4kRY-EeF3jp-1Q,Kovon Concrete,(973) 348-9223,"19 Gunn Rd, Branchville, NJ 07826, USA",,No Website,general_contractor,5,1,kovonconcrete@gmail.com
2496,ChIJ8XJWB5Yiw4kRjbCz9JytKH0,Triangle Concrete Pumping & Construction,(973) 853-2255,"11 Laurel Ave, Hewitt, NJ 07421, USA",,No Website,general_contractor,4.8,22,info@triangleconcretepumping.com
2497,ChIJuS0qPBTvwokRKQo_2N4WpAQ,MJ's Concrete Contractors Bergen County Nj,(201) 949-3330,"95 E Liberty Ave, Hillsdale, NJ 07642, USA",,No Website,general_contractor,4.9,19,mjsconcrete@gmail.com
2498,ChIJVcXvLSdpw4kRY-EeF3jp-1Q,Kovon Concrete,(973) 348-9223,"19 Gunn Rd, Branchville, NJ 07826, USA",,No Website,general_contractor,5,1,kovonconcrete@gmail.com
2504,ChIJL_rC8Nihw4kRYsVasUfLfJI,Catizone Construction,(973) 895-6255,"24 Calais Rd, Randolph, NJ 07869, USA",,No Website,general_contractor,5,1,info@catizoneconstruction.com
2506,ChIJK1hM8rGFwYkR0ffLx0ZPing,KGC Contracting Corporation,(732) 892-0695,"80 Bridge Ave, Bay Head, NJ 08742, USA",,No Website,general_contractor,1,2,info@kgccontracting.com
2509,ChIJJ1tA9y6HwYkR-kbgTrK2vXE,CMF Construction,(848) 241-2637,"156 Riverside Dr N, Brick Township, NJ 08724, USA",,No Website,general_contractor,5,1,info@cmfconstructionnj.com
2510,ChIJVcXvLSdpw4kRY-EeF3jp-1Q,Kovon Concrete,(973) 348-9223,"19 Gunn Rd, Branchville, NJ 07826, USA",,No Website,general_contractor,5,1,info@kovonconcrete.com
2511,ChIJpbYuzZUzx4kRGOenqVumh24,Smith's Concrete Products,(856) 696-3102,"3520 West Blvd, Vineland, NJ 08360, USA",,No Website,general_contractor,4.8,8,info@smithsconcreteproducts.com
2512,ChIJ6Ub9mAgsx4kRZTcM3aRs_Yc,Fiori Concrete,(856) 694-5400,"823 Delsea Dr, Franklinville, NJ 08322, USA",,No Website,general_contractor,4.8,43,fioriconcrete@comcast.net
2513,ChIJ-xhN30rVxokRfqkK_0FVRZ4,Concrete Construction and Land Design,(856) 364-3640,"231 Hewitt Ave, Williamstown, NJ 08094, USA",http://facebook.com/2020concrete|https://www.2020concrete.com/,Social Media Only,general_contractor,5,3,info@2020concrete.com
2514,ChIJWQ1uHcnSwIkRaQW02fE8cyQ,Reese Enterprises Inc,(856) 697-1099,"314 Wheat Rd, Vineland, NJ 08360, USA",https://www.instagram.com/phillipreese777/,Social Media Only,general_contractor,4,4,reeseenterprisesinc@gmail.com
2515,ChIJuR7MDnY6x4kRthlWg7y7n8U,Affordable Concrete,(856) 392-0949,"641 Bridgeton Ave, Bridgeton, NJ 08302, USA",,No Website,service,4.4,5,affordableconcretebridgeton@gmail.com
2516,ChIJj-uvJVjNwIkRePnHPN6PrZU,Scagnelli Construction Inc,(856) 291-6662,"226 N Lincoln Ave, Vineland, NJ 08361, USA",,No Website,general_contractor,5,1,scagnelliconstruction@gmail.com
2518,ChIJZ1cSMFktx4kR_0XIGIq6emA,Gio's Hardscaping LLC.,(856) 982-3649,"1177 Sharp Rd, Vineland, NJ 08360, USA",,No Website,general_contractor,5,18,gioshardscaping@gmail.com
2519,ChIJ__9D9Hsyx4kRPCsVq8p5E4Q,Tony's Construction Men of All Trades,(856) 238-0092,"413 N 7th St, Vineland, NJ 08360, USA",,No Website,general_contractor,2.3,3,tonysconstructionmenofalltrades@gmail.com
2520,ChIJGaMFMTItx4kRjfXXvFuiwtU,CRIS HARDSCAPE LLC,(856) 230-8653,"1887 N Delsea Dr, Vineland, NJ 08360, USA",,No Website,general_contractor,,,crishardscape@gmail.com
2523,ChIJreIwh1J3_IgRclKVrLHFLiU,Jureka Lowcountry Services,(843) 227-1033,"29 Otter Hole Rd #12, Hilton Head Island, SC 29926, USA",,No Website,general_contractor,5,11,jurekalowcountryservices@gmail.com
2525,ChIJyVmkfYaQ-4gRZXvdIxOoLJs,J & G Concrete Foundation Inc,(843) 247-3695,"26 Goettee Farm Rd, Hardeeville, SC 29927, USA",,No Website,general_contractor,5,1,jgconcretefoundation@gmail.com
2526,ChIJN7qmhNF3_IgRBTWQ4jgWSGE,Cando Construction LLC,(843) 422-6853,"21 Manatee Way, Hilton Head Island, SC 29926, USA",,No Website,general_contractor,5,1,candoconstructionllc@gmail.com
2528,ChIJcWuHgzOC_ogRxkJjkHx6W0k,Miller Concrete,(843) 889-8460,"5085 Towles Rd, Hollywood, SC 29449, USA",,No Website,general_contractor,5,1,info@millerconcrete.net
2529,ChIJcS-slNC1-IgRMuYjwzVThIY,R&D CONCRETE LLC,(843) 343-3601,"121 Chappell Creek Ln, Hopkins, SC 29061, USA",,No Website,general_contractor,5,5,info@rdconcrete.net
2531,ChIJJS-uUMFw_IgRj19IOF9pNPM,Tigershark Concrete Pumping,(843) 301-6101,"3 Cardinal Ct #592, Hilton Head Island, SC 29926, USA",,No Website,general_contractor,,,info@tigersharkconcrete.com
2532,ChIJsapGt59S-IgRI7dzlOhwXB8,Carolina Palmetto Concrete,(803) 761-8368,"7655 Warsaw Rd, North Charleston, SC 29418, USA",,No Website,general_contractor,5,4,carolinapalmettoconcrete@gmail.com
2533,ChIJhUA0RXWJ-4gRhWdZ46rJOxQ,Allied Concrete Foundations L.L.C.,(843) 338-2906,"29 Plantation Park Dr Ste 102, Bluffton, SC 29910, USA",,No Website,service,,,alliedconcretefoundations@gmail.com
2534,ChIJd6Xle69w_IgRMPdtJoM7DOw,Sandcastle Constructors,(843) 842-1370,"15 Trellis Ct, Hilton Head Island, SC 29926, USA",,No Website,general_contractor,2.5,2,info@sandcastleconstructors.com
2535,ChIJy7_o0A9B_ogR5lW22GMbPro,LOWCOUNTRY MASONRY & CONCRETE LLC,(843) 471-1772,"4300 SC-402, Huger, SC 29450, USA",,No Website,general_contractor,5,3,lowcountrymasonryandconcrete@gmail.com
2536,ChIJVTHUK094_IgRg-mgu7LeXWU,Vertical Construction LLC,(843) 785-5955,"14 Bay Pines Dr, Hilton Head Island, SC 29928, USA",,No Website,general_contractor,3,4,info@verticalconstructionllc.com
2537,ChIJF4o2Cqd5_IgRdLCYgAb8REQ,Grey Hawk Construction Llc,(843) 298-1473,"2 Office Park Rd Suite 100, Hilton Head Island, SC 29928, USA",,No Website,service,3,2,info@greyhawkconstructionllc.com
2539,ChIJadPeZOMK_IgR2GsE1Ymqr68,Rouillard Concrete Construction Llc,(843) 524-9675,"128 SC-128, Beaufort, SC 29906, USA",,No Website,general_contractor,1,1,info@rouillardconcrete.com
2546,ChIJsZHcx5wN_IgRehJOZY6G6Zk,Bobcats & Bees,(843) 522-2063,"1 Blythewood Rd, Beaufort, SC 29907, USA",,No Website,general_contractor,,,bobcatsandbees@gmail.com
2548,ChIJ-8o3yHwL_IgRQw7Nxci-Dtg,Lowcountry Land Improvements,(843) 816-5088,"3111 Palomino Dr, Beaufort, SC 29906, USA",,No Website,general_contractor,5,112,lowcountrylandimprovements@gmail.com
2562,ChIJsZHcx5wN_IgRehJOZY6G6Zk,Bobcats & Bees,(843) 522-2063,"1 Blythewood Rd, Beaufort, SC 29907, USA",,No Website,general_contractor,,,info@bobcatsandbees.com
2563,ChIJk1UZAZAN_IgRJtlDi2_KEpY,Tri State Asphalt and Concrete,(843) 631-0550,"16 Marsh Dr, Beaufort, SC 29907, USA",,No Website,general_contractor,5,1,tristateasphaltandconcrete@gmail.com
2565,ChIJ-8o3yHwL_IgRQw7Nxci-Dtg,Lowcountry Land Improvements,(843) 816-5088,"3111 Palomino Dr, Beaufort, SC 29906, USA",,No Website,general_contractor,5,112,lowcountrylandimprovements@gmail.com
2567,ChIJ0-Hl1dmS-4gReWB0w5wcYTs,Premier Concrete,(912) 728-9477,"262 Kato Bay Rd, Ridgeland, SC 29936, USA",,No Website,manufacturer,5,1,info@premierconcrete.net
2571,ChIJcQQ_cz6M-4gRAKIMrGwnSRg,"Okatee Concrete Staining, Inc.",(843) 379-0171,"146 Cherry Point Rd, Bluffton, SC 29909, USA",,No Website,general_contractor,5,2,okateeconcretestaining@gmail.com
2593,ChIJhUA0RXWJ-4gRhWdZ46rJOxQ,Allied Concrete Foundations L.L.C.,(843) 338-2906,"29 Plantation Park Dr Ste 102, Bluffton, SC 29910, USA",,No Website,service,,,info@alliedconcretefoundations.com
2594,ChIJVyXaKfGI-4gROIw6smyEY34,Stelzer Construction Llc,(843) 298-9325,"Stoney Crossing, Bluffton, SC 29910, USA",https://www.facebook.com/stelzerConst,Social Media Only,general_contractor,5,1,info@stelzerconstructionllc.com
2597,ChIJu9Fx5iiR-4gRmgT5I_yyfLQ,FRSC Masonry Contractor & Chimney Inspection Ltd,(843) 784-5000,"3021 Freedom Pkwy, Hardeeville, SC 29927, USA",,No Website,general_contractor,4.1,7,frscmasonry@gmail.com
2600,ChIJsQIOCPNt_ogRdx5iuRznjdw,A B Evans Concrete & Hauling,(843) 881-0029,"PO Box 671, Mt Pleasant, SC 29465, USA",,No Website,general_contractor,5,1,abevansconcrete@gmail.com
2601,ChIJy7_o0A9B_ogR5lW22GMbPro,LOWCOUNTRY MASONRY & CONCRETE LLC,(843) 471-1772,"4300 SC-402, Huger, SC 29450, USA",,No Website,general_contractor,5,3,lowcountrymasonryandconcrete@gmail.com
2602,ChIJcS-slNC1-IgRMuYjwzVThIY,R&D CONCRETE LLC,(843) 343-3601,"121 Chappell Creek Ln, Hopkins, SC 29061, USA",,No Website,general_contractor,5,5,rdconcrete@outlook.com
2603,ChIJy7_o0A9B_ogR5lW22GMbPro,LOWCOUNTRY MASONRY & CONCRETE LLC,(843) 471-1772,"4300 SC-402, Huger, SC 29450, USA",,No Website,general_contractor,5,3,lowcountrymasonryandconcrete@gmail.com
2604,ChIJLxz2CWaL_ogRqHrn1kJwNbA,Killeen construction llc,(646) 287-1704,"222 St Awdry St, Summerville, SC 29485, USA",,No Website,general_contractor,5,2,killeenconstructionllc@gmail.com
2606,ChIJsapGt59S-IgRI7dzlOhwXB8,Carolina Palmetto Concrete,(803) 761-8368,"7655 Warsaw Rd, North Charleston, SC 29418, USA",,No Website,general_contractor,5,4,carolinapalmettoconcrete@gmail.com
2608,ChIJy7_o0A9B_ogR5lW22GMbPro,LOWCOUNTRY MASONRY & CONCRETE LLC,(843) 471-1772,"4300 SC-402, Huger, SC 29450, USA",,No Website,general_contractor,5,3,lowcountrymasonryandconcrete@gmail.com
2609,ChIJm-wYtY-J_ogRYIWkF4gaEzI,CN CONCRETE LLC,(843) 619-1229,"4731 N Appaloosa Ct, North Charleston, SC 29420, USA",,No Website,general_contractor,2.3,3,cnconcrete@outlook.com
2620,ChIJ00zfmOSd-4gRq_gQXVVV1k8,Savannah Stamped Concrete,(912) 319-7077,"1800 E 38th St #47l, Savannah, GA 31404, USA",,No Website,general_contractor,,,info@savannahstampedconcrete.com
2621,ChIJR2Ir5zF5-4gRJ_6FjzBsg1M,Keegans concrete,(904) 814-5453,"712 Trafford Ln, Savannah, GA 31410, USA",,No Website,general_contractor,,,info@keegansconcrete.com
2623,ChIJaR1ELeGd-4gR-eBWzAiXzWw,"Prime Cutting & Coring, LLC",(912) 508-4900,"1607 Skidaway Rd, Savannah, GA 31404, USA",,No Website,general_contractor,1,1,info@primecuttingandcoring.com
2624,ChIJxydP7QoJ-ogRcLrpeZ0c1ZU,Twin City Concrete,(478) 763-2005,"101 N Railroad Ave, Twin City, GA 30471, USA",,No Website,manufacturer,5,3,info@twincityconcrete.com
2625,ChIJXwdUxmsJ-4gRkZp1BYViQjs,Sanchez Quality Concrete LLC.,(912) 227-6203,"314 Green Oak Dr, Savannah, GA 31419, USA",,No Website,general_contractor,4.5,13,sanchezqualityconcrete@gmail.com
2626,ChIJg1ycLt0L-4gRvYXYiJ3Oj8k,A & S Concrete Services,(912) 628-2137,"321 Weeping Willow Dr, Savannah, GA 31419, USA",,No Website,general_contractor,5,2,asconcreteservices@gmail.com
2628,ChIJ11Ld6EER-4gRKKb9l_vCnNo,Pascoe's Concrete,(912) 321-4286,"43 Saint Catherine Circle, Richmond Hill, GA 31324, USA",https://m.facebook.com/PascoesConcrete/,Social Media Only,general_contractor,,,pascoesconcrete@gmail.com
2629,ChIJOaVOXtUF-4gR7T4mReofE1U,South coast concrete coatings,(262) 705-0944,"381 Bailey Plantation Dr, Richmond Hill, GA 31324, USA",,No Website,general_contractor,,,info@southcoastconcretecoatings.com
2638,ChIJEUFuTVg4FEkRJj-e7KTE-y8,Prime Group Construction LLC,(201) 920-5440,"93 Malcolm Ave, Garfield, NJ 07026, USA",,No Website,general_contractor,5,67,info@primegroupconstructionllc.com
2650,ChIJg0kL51iYqIkRdNvSC6CjBy4,Dream-A-Deck,(252) 725-9499,"111 River Rd Cir, Beaufort, NC 28516, USA",,No Website,general_contractor,4,1,info@dreamadecknc.com
2651,ChIJ-8o3yHwL_IgRQw7Nxci-Dtg,Lowcountry Land Improvements,(843) 816-5088,"3111 Palomino Dr, Beaufort, SC 29906, USA",,No Website,general_contractor,5,112,contact@lowcountrylandimprovements.com
2652,ChIJFVdNv2QN_IgRsKfE8mfeTVQ,Steadfast Construction,(843) 694-1060,"174 Thistle Ln, Beaufort, SC 29907, USA",,No Website,service,,,info@steadfastconstructionsc.com
2653,ChIJw1VrVwoN_IgRDxW1UAI-kD0,D&W Construction and Remodeling Services,(843) 605-6191,"45 State Rd S-7-266, Beaufort, SC 29907, USA",,No Website,general_contractor,,,contact@dwconstructionremodeling.com
2654,ChIJ1XMgokgL_IgRIBA5QoZFbZc,Moon roofing and Decking,(843) 555-0101,"8 Burlington Land Rd, Beaufort, SC 29906, USA",,No Website,roofing_contractor,5,2,info@moonroofingdecking.com
2655,ChIJFVdNv2QN_IgRsKfE8mfeTVQ,Steadfast Construction,(843) 694-1060,"174 Thistle Ln, Beaufort, SC 29907, USA",,No Website,service,,,info@steadfastconstructionsc.com
2656,ChIJVzdkD3J6_ogR-U_tUGNCCCc,Decks Unlimited,(843) 564-3477,"100 Decking Way, Charleston, SC 29403, USA",,No Website,general_contractor,5,1,sales@decks-unlimited-charleston.com
2657,ChIJ-8o3yHwL_IgRQw7Nxci-Dtg,Lowcountry Land Improvements,(843) 816-5088,"3111 Palomino Dr, Beaufort, SC 29906, USA",,No Website,general_contractor,5,112,contact@lowcountrylandimprovements.com
2658,ChIJg0kL51iYqIkRdNvSC6CjBy4,Dream-A-Deck,(252) 725-9499,"111 River Rd Cir, Beaufort, NC 28516, USA",,No Website,general_contractor,4,1,info@dreamadecknc.com
2659,ChIJVyXaKfGI-4gROIw6smyEY34,Stelzer Construction Llc,(843) 298-9325,"456 Stoney Crossing Rd, Bluffton, SC 29910, USA",https://www.facebook.com/stelzerConst,Social Media Only,general_contractor,5,1,admin@stelzerconstructionllc.com
2660,ChIJ4ei2gduJ-4gRFGZWBs_u1No,Lowcountry Property Preservation,(843) 422-4278,"208 Towne Dr, Bluffton, SC 29910, USA",,No Website,service,5,42,info@lowcountrypropertypreservation.com
2661,ChIJVzdkD3J6_ogR-U_tUGNCCCc,Decks Unlimited,(843) 564-3477,"1000 Tanner Ford Blvd, Hanahan, SC 29410, USA",,No Website,general_contractor,5,1,decksunlimitedsc@gmail.com
2662,ChIJb_WGjH5t_ogRiEa5DIvc9uU,Trusted Handyman LLC,(770) 733-0281,"2671 Park W Blvd, Mt Pleasant, SC 29466, USA",,No Website,general_contractor,4.4,57,trustedhandymanllc@gmail.com
2663,ChIJd9AlX8EhWIgRisLqCPclzUw,Tardiff Builders,(843) 501-9616,"1000 Faber Pl Dr Ste 300, Charleston, SC 29405, USA",,No Website,general_contractor,4.1,48,info@tardiffbuilders.com
2664,ChIJc_7dohP1_ogRtg2aKmxRtA8,Wooden Wonders by Clay,(843) 489-0665,"104 Sutherland Pl, Summerville, SC 29486, USA",,No Website,general_contractor,5,1,woodenwondersbyclay@gmail.com
2665,ChIJd9AlX8EhWIgRisLqCPclzUw,Tardiff Builders,(843) 501-9616,"1000 Faber Pl Dr Ste 300, Charleston, SC 29405, USA",,No Website,general_contractor,4.1,48,info@tardiffbuilders.com
2666,ChIJVzdkD3J6_ogR-U_tUGNCCCc,Decks Unlimited,(843) 564-3477,"1000 Tanner Ford Blvd, Hanahan, SC 29410, USA",,No Website,general_contractor,5,1,decksunlimitedsc@gmail.com
2667,ChIJVeiXL4Z9_ogRNHFYRKJ4YPM,Deckcrafters of Charleston,(843) 437-1316,"1662 Savannah Hwy Ste 160-B, Charleston, SC 29407, USA",,No Website,general_contractor,5,3,info@deckcraftersofcharleston.com
2668,ChIJO8o09XIb-4gR9WE5PlBi1eg,ZNO Construction Co. (eS Works LLC),(912) 570-5811,"266 Paradise Ln, Midway, GA 31320, USA",https://www.facebook.com/ZNO.Construction.Co/,Social Media Only,general_contractor,5,17,info@znoconstruction.com
2669,ChIJO8o09XIb-4gR9WE5PlBi1eg,ZNO Construction Co. (eS Works LLC),(912) 570-5811,"266 Paradise Ln, Midway, GA 31320, USA",https://www.facebook.com/ZNO.Construction.Co/,Social Media Only,general_contractor,5,17,info@znoconstruction.com
2671,ChIJqyGzZJYJw4kRWIgNHOWtivk,Paterson Keith E,(973) 625-0044,"124 E Main St Ste 104, Denville, NJ 07834, USA",,No Website,lawyer,5,12,kpaterson@patersonlaw.net
2672,ChIJ2VnoD2EJw4kRWcHqMOG1zHI,Law Office of Christian Campaniolo,(973) 917-4000,"115 US-46 Building F, Mountain Lakes, NJ 07046, USA",,No Website,lawyer,5,3,christian@campaniololaw.com
2673,ChIJmRfGVp4Jw4kR1YXAANY9sC4,Dolan Eugene P,(973) 627-1258,"94 Morris Ave, Denville, NJ 07834, USA",,No Website,lawyer,5,7,eugene@eugenedolanlaw.com
2674,ChIJMTKJlaIJw4kRmU-zSl0x9v0,Selitto Paul M,(973) 627-1950,"141 W Main St, Rockaway, NJ 07866, USA",,No Website,lawyer,5,8,paul@selittolaw.com
2675,ChIJnzElujAKw4kRfUCJiVpCkFs,"Michael A. Priarone, Attorney At Law",(973) 879-0549,"290 US-46, Denville, NJ 07834, USA",,No Website,lawyer,5,1,mpriarone@priaronelaw.com
2678,ChIJgc93eZIIw4kRhIQcUnFTK-g,McHugh & Brancato,(973) 541-9229,"104 Elcock Ave, Boonton, NJ 07005, USA",,No Website,lawyer,5,8,info@mchughbrancato.com
2679,ChIJvQyxY5IIw4kRPz3B9cXb-3Y,Cabana Douglas,(973) 335-7100,"100 Cornelia St, Boonton, NJ 07005, USA",,No Website,lawyer,3.4,5,doug@cabanalawoffice.com
2680,ChIJ6eVGCXeDw4kRWEBGaw0Opbo,Jane Paftinos Law Offices,(908) 852-4500,"176 Mountain Ave, Hackettstown, NJ 07840, USA",,No Website,lawyer,4.6,12,jane@janepaftinoslaw.com
2682,ChIJq6G0U26gw4kRSlU5Qr_AVVw,"Susan M. Joseph, Esq",(973) 927-8850,"431 NJ-10, Randolph, NJ 07869, USA",,No Website,lawyer,,,susan@susanmjosephlaw.com
2683,ChIJ2VnoD2EJw4kRWcHqMOG1zHI,Law Office of Christian Campaniolo,(973) 265-4000,"115 US-46 Building F, Mountain Lakes, NJ 07046, USA",,No Website,lawyer,5,3,christian@campaniololaw.com
2685,ChIJWfQuy-QHw4kRE64wcYrgs3Y,Bilheimer & Raquet,(973) 335-1142,"60 Baldwin Rd #103, Parsippany, NJ 07054, USA",,No Website,lawyer,4.9,7,info@bilheimerraquet.com
2687,ChIJIZyr_4vGw4kRkUsHHBu6d_8,Perez & Bombelyn,(732) 214-1166,"402 Livingston Ave, New Brunswick, NJ 08901, USA",,No Website,lawyer,5,2,info@perezbombelyn.com
2689,ChIJ0VsVHji_w4kRfUGne2W90Ko,R J Ferb Law Offices,(732) 469-3422,"448 Union Ave, Middlesex, NJ 08846, USA",,No Website,lawyer,3.7,3,rjferb@rjferblaw.com
2691,ChIJAdjWmJjhw4kRbgm_rjlTQug,Bergman & Barrett Attorneys At Law,(609) 921-1502,"300 Carnegie Center Dr #150, Princeton, NJ 08540, USA",,No Website,lawyer,5,2,info@bergmanbarrett.com
2693,ChIJ2VnoD2EJw4kRWcHqMOG1zHI,Law Office of Christian Campaniolo,(973) 335-0100,"115 US-46 Building F, Mountain Lakes, NJ 07046, USA",,No Website,lawyer,5,3,christian@campaniololaw.com
2694,ChIJC_jaJ-CFwYkRYwXgGWsY55s,Ravaschiere Gina J,(732) 892-9050,"703 Richmond Ave, Point Pleasant Beach, NJ 08742, USA",,No Website,lawyer,3,2,gina@ginaravaschierelaw.com
2698,ChIJ9RhUQuOFwYkRwY5QT8qivx4,"Marler Law, LLC",(732) 575-6696,"186 Mantoloking Rd Ste 1A, Brick Township, NJ 08723, USA",,No Website,consultant,5,1,info@marlerlawllc.com
2699,ChIJU8KW0Hoyx4kRH6c2xxBXDs8,Susan Romeo - Family Law Attorney,(856) 692-2788,"110 N 6th St, Vineland, NJ 08360, USA",,No Website,lawyer,4.3,9,susan@susanromeolaw.com
2700,ChIJX1k2L_kyx4kRyFTcb0y9h4Y,Rothenberg Moshe,(856) 236-4374,"880 E Elmer Rd, Vineland, NJ 08360, USA",,No Website,lawyer,4.9,132,info@rothenbergmoshe.com
2703,ChIJW8rdlQB5_IgRLo5NpMz7TYg,Law Office of Maria Belbas Parker P.A.,(843) 341-9200,"7 Finch St Ste 7A, Hilton Head Island, SC 29926, USA",,No Website,lawyer,5,1,maria@mariaparkerlaw.com
2704,ChIJ79eeYwB5_IgRrnfq-vHQD90,La Force Sr Glen W,(843) 785-5881,"Courtyard Building, 32 Office Park Rd Unit 111, Hilton Head Island, SC 29928, USA",,No Website,lawyer,5,5,glen@laforcelaw.com
2705,ChIJF90DAHV5_IgRwPBYaR-RM8A,"CoffeyKubec, LLP",(843) 422-4488,"18 Executive Park Rd #3, Hilton Head Island, SC 29928, USA",,No Website,lawyer,4.7,3,info@coffeykubec.com
2706,ChIJ7xCmmHUN_IgRQdlbMQn6XZI,"Harper Law Firm, LLC",(843) 524-8595,"2015 Boundary St Ste 315, Beaufort, SC 29902, USA",,No Website,lawyer,5,1,info@harperlawfirmllc.com
2707,ChIJ5TqL950N_IgRFU2Ac4DsOwA,"Ralph V. Baldwin, Jr Attorney at Law",(843) 524-3958,"1 Professional Dr, Port Royal, SC 29935, USA",,No Website,lawyer,5,2,ralph@ralphbaldwinlaw.com
2708,ChIJ_UsMSbQN_IgRiEU-VyLCGvA,Logan Law Firm,(843) 524-0042,"806 Charles St, Beaufort, SC 29902, USA",,No Website,lawyer,4.8,21,info@loganlawfirmsc.com
2709,ChIJhdUTp3UN_IgRuuXxsJBKLPY,Mikell J Thomas,(843) 524-2110,"14 Professional Village Cir, Beaufort, SC 29907, USA",,No Website,lawyer,5,3,mikell@mikellthomaslaw.com
2720,ChIJvQC1cBKJ-4gRfsVs4bLj2Zs,Bowers & Siren Law Firm,(843) 757-8020,"23 Plantation Park Dr #503, Bluffton, SC 29910, USA",,No Website,lawyer,,,info@bowerssirenlaw.com
2721,ChIJde23pQgFV4gRwcbaWJiaeFM,"Williams Law, LLC",(864) 514-3304,"1109 S Granard St Unit B, Gaffney, SC 29341, USA",,No Website,lawyer,4.8,52,info@williamslawllc.net
2723,ChIJvQC1cBKJ-4gRfsVs4bLj2Zs,Bowers & Siren Law Firm,(843) 757-8020,"23 Plantation Park Dr #503, Bluffton, SC 29910, USA",,No Website,lawyer,,,info@bowerssirenlaw.com
2724,ChIJ38VWqAV2_IgRgZXAqmP1eng,FamilyLaw Matters,(404) 357-8888,"3 Drayton Hall, Bluffton, SC 29910, USA",,No Website,lawyer,3.5,2,info@familylawmattersllc.com
2727,ChIJDzi8V1Fw_ogReA3MUZHtkgY,Lister Law Office,(843) 884-0555,"539 Overseer Retreat Suite A, Mt Pleasant, SC 29464, USA",,No Website,lawyer,5,16,info@listerlawoffice.com
2735,ChIJ64tqPm-L_ogRSXobR814FuU,Mack Ben F.,(843) 285-7100,"110 N Main St, Summerville, SC 29483, USA",,No Website,lawyer,4.5,8,bmack@devanemack.com
2740,ChIJAQAwdAB5_IgRsmeuBi_aLdE,Bluffton Divorce Attorney,(843) 638-1020,"10 Office Way #200, Hilton Head Island, SC 29928, USA",,No Website,lawyer,,,info@westlawfirmllc.com
2741,ChIJ_9IDWpkSAIkRYQFNHagg7mA,"Law Firm of Regina B. Ward, LLC",(843) 488-9273,"9007 SC-544, Myrtle Beach, SC 29588, USA",,No Website,consultant,4.5,71,regina@reginawardlaw.com
2742,ChIJEROiChB1w4kRh_mvETCizu4,"Playful Petsitting, LLC",(973) 830-7606,"7 Lee Ave, Lake Hopatcong, NJ 07849, USA",http://facebook.com/PlayfulPetsitting.Jody,Social Media Only,pet_care,5,9,jody@playfulpetsittingllc.com
2743,ChIJtRz5736nw4kRN6MMx0UaCuo,Mom's Dawg Dayz,(973) 455-7234,"44 Hill St Ste 5D, Morristown, NJ 07960, USA",,No Website,pet_care,5,2,momsdawgdayz@gmail.com
2744,ChIJEROiChB1w4kRh_mvETCizu4,"Playful Petsitting, LLC",(973) 830-7606,"7 Lee Ave, Lake Hopatcong, NJ 07849, USA",http://facebook.com/PlayfulPetsitting.Jody,Social Media Only,pet_care,5,9,jody@playfulpetsittingllc.com
2745,ChIJpe30wNgLw4kRBQg0KPm61bs,Just Like Home dog boarding,(973) 619-8401,"3 E Dehart St, Dover, NJ 07801, USA",https://www.instagram.com/just_like_home_dog_boarding_?igsh=NXR1cnhlODN6dDdk&utm_source=qr|https://justlikehomedogboarding.com/,Social Media Only,pet_care,,,justlikehomedogboarding@gmail.com
2746,ChIJreiTSIiuw4kR0PVdtUTDbhM,Style N' Canine Pet Services,(973) 433-9665,"46 Chatham Rd, Short Hills, NJ 07078, USA",,No Website,pet_care,5,10,stylencanine@gmail.com
2747,ChIJRWWSmjvBw4kRWILFSvwk-ws,paws & whiskers dog walking and pet sitting,(908) 848-7805,"219 Bathgate Ave, South Bound Brook, NJ 08880, USA",,No Website,pet_care,5,7,pawsandwhiskersnj@gmail.com
2748,ChIJScx1c5efw4kRcE_xGGf7cYs,My Walk Pet Service,(201) 650-7545,"2 Cromwell Dr, Mendham Township, NJ 07945, USA",,No Website,pet_care,5,2,mywalkpetservice@gmail.com
2749,ChIJ4-838RMtx4kRory_bRpvac8,Colie's Pet Sitting and Services,(609) 330-5147,"263 S Blue Bell Rd, Vineland, NJ 08360, USA",http://facebook.com/coliespetsittingandservices/,Social Media Only,pet_care,5,57,coliespetsitting@gmail.com
2750,ChIJP-tEpe15_IgRpD68BarCREM,ISLAND SERVICES OF HILTON HEAD,(843) 364-8704,"51 Cobblestone Ct, Hilton Head Island, SC 29928, USA",,No Website,pet_care,5,2,islandsrvcs@aol.com
2751,ChIJz2o8Z1Z4_IgRyNWVdpeIwWw,A Quality Pet Sitting Services,(843) 247-5647,"13 Isle of Pines Dr, Hilton Head Island, SC 29928, USA",,No Website,pet_care,,,aqualitypetsitting@gmail.com
2752,ChIJVVVlyFML_IgRrmuzNx6s3U8,Annie B's Bed and Biscuit,(843) 521-0269,"34 Sams Point Rd, Beaufort, SC 29907, USA",,No Website,pet_care,4.4,23,anniebsbedandbiscuit@gmail.com
2753,ChIJp31Onw8N_IgRvG44RiJX4_k,Furbulas Dogs,(843) 476-2989,"207 Anchorage Dr, Beaufort, SC 29907, USA",,No Website,pet_care,4.6,46,furbulasdogs@gmail.com
2754,ChIJnTXjIMQL_IgRJ-axfvqNBM8,The Salty Paw,(843) 929-8002,"14 SC-128 #12, Beaufort, SC 29906, USA",,No Website,pet_care,5,271,thesaltypawbeaufort@gmail.com
2755,ChIJVVVlyFML_IgRrmuzNx6s3U8,Annie B's Bed and Biscuit,(843) 521-0269,"34 Sams Point Rd, Beaufort, SC 29907, USA",,No Website,pet_care,4.4,23,anniebsbedandbiscuit@gmail.com
2756,ChIJp31Onw8N_IgRvG44RiJX4_k,Furbulas Dogs,(843) 476-2989,"207 Anchorage Dr, Beaufort, SC 29907, USA",,No Website,pet_care,4.6,46,furbulasdogs@gmail.com
2757,ChIJnTXjIMQL_IgRJ-axfvqNBM8,The Salty Paw,(843) 929-8002,"14 SC-128 #12, Beaufort, SC 29906, USA",,No Website,pet_care,5,271,thesaltypawbeaufort@gmail.com
2762,ChIJp31Onw8N_IgRvG44RiJX4_k,Furbulas Dogs,(843) 476-2989,"207 Anchorage Dr, Beaufort, SC 29907, USA",,No Website,pet_care,4.6,46,furbulasdogs@gmail.com
2765,ChIJgylbWH2g-4gRbqIX6Ha-c8k,Critter Sit Doggie Daycare,(912) 631-6068,"1607 Grove Point Rd, Savannah, GA 31419, USA",,No Website,pet_care,4.3,20,crittersit@gmail.com
2766,ChIJuwLmSRKZwoARi2-411_HARs,Parsippany Plumbing & Drain Solution,(862) 693-4035,"399 Jefferson Rd #120, Parsippany, NJ 07054, USA",,No Website,plumber,4.8,10,info@parsippanyplumbinganddrainsolution.com
2769,ChIJhS4mDwGzw4kRzdEcWPdJ3AM,"Stan's Plumbing, Heating, Sewer & Drain Cleaning LLC",(908) 447-0651,"278 Ravenswood St, Mountainside, NJ 07092, USA",https://m.facebook.com/pg/Stans-Plumbing-Heating-LCC-1048372828521196/photos/?ref=page_internal&mt_nav=0,Social Media Only,plumber,4.9,150,stansplumbingnj@gmail.com
2770,ChIJuQ1Bgqt0w4kRwAFrNwR10Pc,Flow Pro Sewer and Drain Cleaning Professionals,(973) 590-0898,"647 NJ-15 #1, Lake Hopatcong, NJ 07849, USA",,No Website,plumber,5,1,info@flowprosewer.com
2771,ChIJuQ1Bgqt0w4kRwAFrNwR10Pc,Flow Pro Sewer and Drain Cleaning Professionals,(973) 590-0898,"647 NJ-15 #1, Lake Hopatcong, NJ 07849, USA",,No Website,plumber,5,1,info@flowprosewer.com
2774,ChIJuwLmSRKZwoARi2-411_HARs,Parsippany Plumbing & Drain Solution,(862) 693-4035,"399 Jefferson Rd #120, Parsippany, NJ 07054, USA",,No Website,plumber,4.8,10,info@parsippanyplumbingdrain.com
2775,ChIJ7asNxR8Iw4kRVp8UPFo6oGM,Norton Sewer & Drain,(973) 887-9004,"Parsippany, NJ 07054, USA",,No Website,plumber,4.6,21,info@nortonsewer.com
2776,ChIJyWRAS4MAw4kRIO2vco-rM_0,Essex Drain & Sewer Cleaning,(973) 228-0480,"275 Bloomfield Ave Ste 5, Caldwell, NJ 07006, USA",,No Website,plumber,5,19,info@essexdrainsewer.com
2777,ChIJuQ1Bgqt0w4kRwAFrNwR10Pc,Flow Pro Sewer and Drain Cleaning Professionals,(973) 590-0898,"647 NJ-15 #1, Lake Hopatcong, NJ 07849, USA",,No Website,plumber,5,1,info@flowprosewer.com
2778,ChIJvyj3Kwidw4kRmLp48jZxJcM,Budget Sewer & Drain Inc,(973) 927-3333,"Budd Lake, NJ 07828, USA",,No Website,plumber,4.9,72,info@budgetssewer.com
2779,ChIJV5L4d_Wnw4kRV3s627lvWDA,Norton Sewer & Drain Lake,(973) 402-5429,"Hiawatha Blvd, Parsippany, NJ 07054, USA",,No Website,plumber,3,2,info@nortonsewerlake.com
2780,ChIJiayqcyMEw4kRCeqRiNpKTvE,"Buchanan & Callaway Plumbing, Heating, Cooling & Drain Cleaning",(973) 335-2336,"1 Como Ct, Towaco, NJ 07082, USA",,No Website,plumber,4.5,15,info@buchananandcallaway.com
2781,ChIJB2LeEXaEw4kRTpP6aYhjVC8,Franco's Complete Drain Cleaning,(908) 310-8858,"128 Cynthia Dr, Hackettstown, NJ 07840, USA",,No Website,plumber,4.8,12,francoscompletedraincleaning@gmail.com
2782,ChIJvyj3Kwidw4kRmLp48jZxJcM,Budget Sewer & Drain Inc,(973) 927-3333,"100 US-46, Budd Lake, NJ 07828, USA",,No Website,plumber,4.9,72,budgetsandd@gmail.com
2783,ChIJuQ1Bgqt0w4kRwAFrNwR10Pc,Flow Pro Sewer and Drain Cleaning Professionals,(973) 590-0898,"647 NJ-15 #1, Lake Hopatcong, NJ 07849, USA",,No Website,plumber,5,1,flowproseweranddrain@gmail.com
2785,ChIJvyj3Kwidw4kRmLp48jZxJcM,Budget Sewer & Drain Inc,(973) 927-3333,"100 US-46, Budd Lake, NJ 07828, USA",,No Website,plumber,4.9,72,budgetsandd@gmail.com
2786,ChIJ7asNxR8Iw4kRVp8UPFo6oGM,Norton Sewer & Drain,(973) 887-9004,"100 US-46, Parsippany, NJ 07054, USA",,No Website,plumber,4.6,21,nortonseweranddrain@gmail.com
2787,ChIJ6RUW00Onw4kR4nNAwr5kwcM,Allied Professional Drain Cleaning LLC,(973) 288-3157,"55 Madison Ave, Morristown, NJ 07960, USA",,No Website,general_contractor,,,alliedprofessionaldraincleaning@gmail.com
2788,ChIJhS4mDwGzw4kRzdEcWPdJ3AM,"Stan's Plumbing, Heating, Sewer & Drain Cleaning LLC",(908) 447-0651,"278 Ravenswood St, Mountainside, NJ 07092, USA",https://m.facebook.com/pg/Stans-Plumbing-Heating-LCC-1048372828521196/photos/?ref=page_internal&mt_nav=0,Social Media Only,plumber,4.9,150,stansplumbingnj@gmail.com
2790,ChIJuQ1Bgqt0w4kRwAFrNwR10Pc,Flow Pro Sewer and Drain Cleaning Professionals,(973) 590-0898,"647 NJ-15 #1, Lake Hopatcong, NJ 07849, USA",,No Website,plumber,5,1,info@flowprosewer.com
2791,ChIJuwLmSRKZwoARi2-411_HARs,Parsippany Plumbing & Drain Solution,(862) 693-4035,"399 Jefferson Rd #120, Parsippany, NJ 07054, USA",,No Website,plumber,4.8,10,info@parsippanyplumbinganddrain.com
2792,ChIJuQ1Bgqt0w4kRwAFrNwR10Pc,Flow Pro Sewer and Drain Cleaning Professionals,(973) 590-0898,"647 NJ-15 #1, Lake Hopatcong, NJ 07849, USA",,No Website,plumber,5,1,info@flowprosewer.com
2793,ChIJvyj3Kwidw4kRmLp48jZxJcM,Budget Sewer & Drain Inc,(973) 927-3333,"100 US-46, Budd Lake, NJ 07828, USA",,No Website,plumber,4.9,72,info@budgetsandd.com
2794,ChIJ7asNxR8Iw4kRVp8UPFo6oGM,Norton Sewer & Drain,(973) 887-9004,"Parsippany, NJ 07054, USA",,No Website,plumber,4.6,21,info@nortonseweranddrain.com
2795,ChIJuwLmSRKZwoARi2-411_HARs,Parsippany Plumbing & Drain Solution,(862) 693-4035,"399 Jefferson Rd #120, Parsippany, NJ 07054, USA",,No Website,plumber,4.8,10,info@parsippanyplumbinganddrain.com
2796,ChIJyWRAS4MAw4kRIO2vco-rM_0,Essex Drain & Sewer Cleaning,(973) 228-0480,"275 Bloomfield Ave Ste 5, Caldwell, NJ 07006, USA",,No Website,plumber,5,19,info@essexdrainandsewer.com
2798,ChIJhS4mDwGzw4kRzdEcWPdJ3AM,"Stan's Plumbing, Heating, Sewer & Drain Cleaning LLC",(908) 447-0651,"278 Ravenswood St, Mountainside, NJ 07092, USA",https://m.facebook.com/pg/Stans-Plumbing-Heating-LCC-1048372828521196/photos/?ref=page_internal&mt_nav=0,Social Media Only,plumber,4.9,150,stansplumbingnj@gmail.com
2799,ChIJyWRAS4MAw4kRIO2vco-rM_0,Essex Drain & Sewer Cleaning,(973) 228-0480,"275 Bloomfield Ave Ste 5, Caldwell, NJ 07006, USA",,No Website,plumber,5,19,info@essexdrainandsewer.com
2801,ChIJhS4mDwGzw4kRzdEcWPdJ3AM,"Stan's Plumbing, Heating, Sewer & Drain Cleaning LLC",(908) 447-0651,"278 Ravenswood St, Mountainside, NJ 07092, USA",https://m.facebook.com/pg/Stans-Plumbing-Heating-LCC-1048372828521196/photos/?ref=page_internal&mt_nav=0,Social Media Only,plumber,4.9,150,stansplumbingnj@gmail.com
2802,ChIJhS4mDwGzw4kRzdEcWPdJ3AM,"Stan's Plumbing, Heating, Sewer & Drain Cleaning LLC",(908) 447-0651,"278 Ravenswood St, Mountainside, NJ 07092, USA",https://m.facebook.com/pg/Stans-Plumbing-Heating-LCC-1048372828521196/photos/?ref=page_internal&mt_nav=0,Social Media Only,plumber,4.9,150,stansplumbingnj@gmail.com
2804,ChIJYcrBM37FwIkRZGFYzCBEDBs,Point Sewer and Drain Cleaning Services LLC,(609) 892-9610,"6648 Millville Ave, Mays Landing, NJ 08330, USA",,No Website,plumber,4.2,14,pointsd@comcast.net
2805,ChIJYcrBM37FwIkRZGFYzCBEDBs,Point Sewer and Drain Cleaning Services LLC,(609) 892-9610,"6648 Millville Ave, Mays Landing, NJ 08330, USA",,No Website,plumber,4.2,14,pointsd@comcast.net
2806,ChIJZ60JEhsyx4kRygQYS3gnjcg,Tony Campana Plumbing Inc,(856) 691-4235,"112 N Orchard Rd, Vineland, NJ 08360, USA",,No Website,plumber,5,50,tonycampanaplumbing@gmail.com
2807,ChIJ_____8_owIkRcie2cx545Fk,Florida Avenue Drain Clearing,(609) 470-1377,"552 Holly Brook Rd, Galloway, NJ 08205, USA",,No Website,plumber,5,220,floridaavenuedrainclearing@gmail.com
2808,ChIJn1ICKdZ5_IgRyFA-nmK3cP8,Island Plumbing,(843) 842-3333,"374 Spanish Wells Rd, Hilton Head Island, SC 29926, USA",,No Website,plumber,4.5,15,islandplumbinghhi@gmail.com
2809,ChIJpSwWANVBAIkRcFVAtJOgxRk,Whatever it Takes Drain Cleaning,(843) 222-8125,"1015 5th Ave N Unit E, Surfside Beach, SC 29575, USA",,No Website,service,5,21,whateverittakesdraincleaning@gmail.com
2820,ChIJpSwWANVBAIkRcFVAtJOgxRk,Whatever it Takes Drain Cleaning,(843) 222-8125,"1015 5th Ave N Unit E, Surfside Beach, SC 29575, USA",,No Website,service,5,21,wittdraincleaning@gmail.com
2822,ChIJpSwWANVBAIkRcFVAtJOgxRk,Whatever it Takes Drain Cleaning,(843) 222-8125,"1015 5th Ave N Unit E, Surfside Beach, SC 29575, USA",,No Website,service,5,21,wittdraincleaning@gmail.com
2826,ChIJpSwWANVBAIkRcFVAtJOgxRk,Whatever it Takes Drain Cleaning,(843) 222-8125,"1015 5th Ave N Unit E, Surfside Beach, SC 29575, USA",,No Website,service,5,21,wittdraincleaning@gmail.com
2828,ChIJn1ICKdZ5_IgRyFA-nmK3cP8,Island Plumbing,(843) 842-3333,"374 Spanish Wells Rd, Hilton Head Island, SC 29926, USA",,No Website,plumber,4.5,15,islandplumbinghhi@gmail.com
2829,ChIJVyXaKfGI-4gRbNlDbQNz-hA,House Plumber LLC,(843) 684-3037,"10 State Rd S-7-50 #300, Bluffton, SC 29909, USA",,No Website,plumber,5,1,houseplumberllc@gmail.com
2830,ChIJpSwWANVBAIkRcFVAtJOgxRk,Whatever it Takes Drain Cleaning,(843) 222-8125,"1015 5th Ave N Unit E, Surfside Beach, SC 29575, USA",,No Website,service,5,21,info@whateverittakesdraincleaning.com
2832,ChIJpSwWANVBAIkRcFVAtJOgxRk,Whatever it Takes Drain Cleaning,(843) 222-8125,"1015 5th Ave N Unit E, Surfside Beach, SC 29575, USA",,No Website,service,5,21,info@whateverittakesdraincleaning.com
2833,ChIJpSwWANVBAIkRcFVAtJOgxRk,Whatever it Takes Drain Cleaning,(843) 222-8125,"1015 5th Ave N Unit E, Surfside Beach, SC 29575, USA",,No Website,service,5,21,info@whateverittakesdraincleaning.com
2834,ChIJfz3-Z5Z2-4gRgbY-pwSMdTQ,Reliable Septic Services Inc.,(912) 604-3088,"15 Dorothy Dr, Savannah, GA 31406, USA",,No Website,service,4.9,87,info@reliablesepticservicesinc.com
2837,ChIJQeS2J1Oh-4gRX-j49yJ3Xfw,Priority Plumber of Pooler,(912) 348-5682,"463 Pooler Pkwy, Pooler, GA 31322, USA",,No Website,service,5,3,contact@priorityplumberofpooler.com
2838,ChIJE7hYaRL_9YgRTGByhlSoCkY,P & D Drain Cleaning,(770) 536-6039,"5424 Buffington Rd, Gillsville, GA 30543, USA",,No Website,service,4.9,8,info@pddraincleaning.com
2839,ChIJdY_n-KsM9YgRCKSAV3_Qs7E,Drain Doctor Plumbing & Drain Cleaning,(770) 336-3884,"715 Bush St Ste C2, Roswell, GA 30075, USA",,No Website,plumber,5,1,contact@draindoctorplumbing.com
2850,ChIJ_77u_bCnw4kR8LRg3XvodkU,"Law Offices of Diane H. Kim, LLC",(201) 375-1700,"90 E Halsey Rd #106, Parsippany, NJ 07054, USA",,No Website,lawyer,4.8,17,diane@dianekimlaw.com
2851,ChIJqyGzZJYJw4kRWIgNHOWtivk,Paterson Keith E,(973) 625-0044,"124 E Main St Ste 104, Denville, NJ 07834, USA",,No Website,lawyer,5,12,keith@patersonlaw.net
2853,ChIJ6eVGCXeDw4kRWEBGaw0Opbo,Jane Paftinos Law Offices,(908) 852-4500,"176 Mountain Ave, Hackettstown, NJ 07840, USA",,No Website,lawyer,4.6,12,jane@janepaftinoslaw.com
2856,ChIJA8Z6_oGEw4kRbMu7kjvDAsI,Woolcock Patton,(908) 850-3489,"488 Schooleys Mountain Rd, Hackettstown, NJ 07840, USA",,No Website,lawyer,1,1,info@woolcockpatton.com
2860,ChIJb5XvJoSmw4kRgZ7nicXPYcU,Murphy Law Firm,(973) 270-0831,"161 Madison Ave Ste 300, Morristown, NJ 07960, USA",,No Website,lawyer,5,4,info@murphylawfirmllc.com
2861,ChIJ_77u_bCnw4kR8LRg3XvodkU,"Law Offices of Diane H. Kim, LLC",(201) 375-1700,"90 E Halsey Rd #106, Parsippany, NJ 07054, USA",,No Website,lawyer,4.8,17,diane@dianekimlaw.com
2862,ChIJqyGzZJYJw4kRWIgNHOWtivk,Paterson Keith E,(973) 625-0044,"124 E Main St Ste 104, Denville, NJ 07834, USA",,No Website,lawyer,5,12,kpaterson@patersonlaw.net
2863,ChIJJ6XA6oKnw4kRsunzyismlfY,Kahn Philip,(973) 538-4700,"7 Century Dr #201, Parsippany, NJ 07054, USA",,No Website,lawyer,1,1,pkahn@kahnlaw.net
2864,ChIJb5XvJoSmw4kRgZ7nicXPYcU,Murphy Law Firm,(973) 270-0831,"161 Madison Ave Ste 300, Morristown, NJ 07960, USA",,No Website,lawyer,5,4,info@murphylawfirmllc.com
2866,ChIJWfQuy-QHw4kRE64wcYrgs3Y,Bilheimer & Raquet,(973) 335-1142,"60 Baldwin Rd #103, Parsippany, NJ 07054, USA",,No Website,lawyer,4.9,7,info@bilheimerraquet.com
2869,ChIJo41qQQ6vw4kRPRULLZUzRAM,Rosemary Stone-Dougherty Esq,(973) 635-0300,"54 Main St, Chatham, NJ 07928, USA",,No Website,lawyer,4.8,6,rstone@stonedoughertylaw.com
2881,ChIJU8KW0Hoyx4kRH6c2xxBXDs8,Susan Romeo - Family Law Attorney,(856) 692-2788,"110 N 6th St, Vineland, NJ 08360, USA",,No Website,lawyer,4.3,9,susan@susanromeolaw.com
2882,ChIJRfWi36J5_IgRwbOe3AFD62Y,"Estate Planning Firm of Hilton Head, LLC",(843) 785-6101,"2 Park Ln, Hilton Head Island, SC 29928, USA",,No Website,consultant,1,1,info@estateplanningfirmhh.com
2883,ChIJW8rdlQB5_IgRLo5NpMz7TYg,Law Office of Maria Belbas Parker P.A.,(843) 341-9200,"7 Finch St Ste 7A, Hilton Head Island, SC 29926, USA",,No Website,lawyer,5,1,maria@mariaparkerlaw.com
2884,ChIJ7xCmmHUN_IgRQdlbMQn6XZI,"Harper Law Firm, LLC",(843) 524-8595,"2015 Boundary St Ste 315, Beaufort, SC 29902, USA",,No Website,lawyer,5,1,info@harperlawfirmsc.com
2885,ChIJ_UsMSbQN_IgRiEU-VyLCGvA,Logan Law Firm,(843) 524-0042,"806 Charles St, Beaufort, SC 29902, USA",,No Website,lawyer,4.8,21,info@loganlawfirmsc.com
2886,ChIJwRRMo2aRqIkRmtbZf8JFlVo,"AMIE M. HUBER, ATTORNEY AT LAW",(252) 648-0011,"613 Cedar St Ste C, Beaufort, NC 28516, USA",,No Website,lawyer,5,1,amie@amiehuberlaw.com
2887,ChIJ5TqL950N_IgRFU2Ac4DsOwA,"Ralph V. Baldwin, Jr Attorney at Law",(843) 524-3958,"1 Professional Dr, Port Royal, SC 29935, USA",,No Website,lawyer,5,2,ralph@ralphbaldwinlaw.com
2888,ChIJ7xCmmHUN_IgRQdlbMQn6XZI,"Harper Law Firm, LLC",(843) 524-8595,"2015 Boundary St Ste 315, Beaufort, SC 29902, USA",,No Website,lawyer,5,1,info@harperlawfirmsc.com
2889,ChIJ5TqL950N_IgRFU2Ac4DsOwA,"Ralph V. Baldwin, Jr Attorney at Law",(843) 524-3958,"1 Professional Dr, Port Royal, SC 29935, USA",,No Website,lawyer,5,2,ralph@ralphbaldwinlaw.com
2890,ChIJ65sSvc4M_IgRoMuA-_9dV5s,"Jared S Newman, PA",(843) 522-1313,"1508 Paris Ave, Port Royal, SC 29935, USA",,No Website,consultant,4.9,10,info@jaredsnewmanpa.com
2893,ChIJ46lcclRw_ogR9sIVblr8otg,Campbell-Kelly Law Office LLC,(843) 884-4064,"1106 Liberty Ct, Mt Pleasant, SC 29464, USA",,No Website,lawyer,5,8,info@campbellkellylaw.com
2894,ChIJ1z6QVA1x_ogRf944Em8rw60,Buxton Legal Group,(843) 606-2397,"1470 Ben Sawyer Blvd, Mt Pleasant, SC 29464, USA",,No Website,lawyer,,,info@buxtonlegalgroup.com
2895,ChIJ5x5j6A56_ogRlAOuQRxIL70,Crowley Law Firm LLC,(843) 789-9614,"6 Gillon St Ste 3, Charleston, SC 29401, USA",,No Website,lawyer,4.5,6,info@crowleylawfirmllc.com
2898,ChIJl3xWOfJZ_ogRC9jGoju8PQk,"Bennett Law Firm & Mediation,LLC Bennett Shaheena",(843) 719-2273,"212 Carolina Ave, Moncks Corner, SC 29461, USA",,No Website,lawyer,4.8,16,shaheena@bennettlawfirmsc.com
2899,ChIJ64tqPm-L_ogRpS0vyRpbi0o,DEVANE & MACK,(843) 285-7100,"110 N Main St, Summerville, SC 29483, USA",,No Website,lawyer,3.5,13,info@devanemack.com
2900,ChIJ5x5j6A56_ogRlAOuQRxIL70,Crowley Law Firm LLC,(843) 789-9614,"6 Gillon St Ste 3, Charleston, SC 29401, USA",,No Website,lawyer,4.5,6,info@crowleylawfirmllc.com
2902,ChIJKSNCISp3-4gRkNi6l_et8j0,Law & Mediation Office of Jamie F. Clark,(912) 429-1336,"315 Commercial Dr Ste C1, Savannah, GA 31406, USA",,No Website,lawyer,4.4,13,jamie@jamieclarklaw.com
2903,ChIJId40_rN1-4gRJfkOTxfsIn8,"Bignault & Carter, LLC",(912) 356-0388,"130 Canal St Ste 401, Pooler, GA 31322, USA",,No Website,consultant,3,4,info@bignaultcarter.com
2904,ChIJrTqodEEK-4gR_oAZNOSnHYA,Irene Serlis Family Law,(912) 351-0000,"5710 Ogeechee Rd, Savannah, GA 31405, USA",,No Website,lawyer,3,2,irene@serlisfamilylaw.com
2905,ChIJM6lEhRsP-4gRVWl39tvUkDA,"George A. Waters, Attorney at Law",(912) 756-3417,"10982 Ford Ave, Richmond Hill, GA 31324, USA",,No Website,lawyer,3.1,20,george@georgewaterslaw.com
2906,ChIJM8Egq25RwokRVPNj0TL1V2Y,Advance E-Bike LLC,(347) 348-2518,"126 Monticello Ave, Jersey City, NJ 07304, USA",,No Website,bicycle_store,4.9,13,info@advanceebike.com
2908,ChIJO7fs_WL5wokRNnJK8opXOZ8,Original Bike Shop,(973) 478-6555,"108 US-46, Saddle Brook, NJ 07663, USA",,No Website,bicycle_store,4.4,155,info@originalbikeshop.com
2912,ChIJe8npzoj7wokRv_PfRihx7cU,Elmwood Bicycles,(201) 797-5819,"252 Broadway, Elmwood Park, NJ 07407, USA",,No Website,bicycle_store,4.6,110,elmwoodbicycles@gmail.com
2913,ChIJM8Egq25RwokRVPNj0TL1V2Y,Advance E-Bike LLC,(347) 348-2518,"126 Monticello Ave, Jersey City, NJ 07304, USA",,No Website,bicycle_store,4.9,13,advanceebike@gmail.com
2914,ChIJO7fs_WL5wokRNnJK8opXOZ8,Original Bike Shop,(973) 478-6555,"108 US-46, Saddle Brook, NJ 07663, USA",,No Website,bicycle_store,4.4,155,originalbikeshop@gmail.com
2918,ChIJe8npzoj7wokRv_PfRihx7cU,Elmwood Bicycles,(201) 797-5819,"252 Broadway, Elmwood Park, NJ 07407, USA",,No Website,bicycle_store,4.6,110,elmwoodbicycles@gmail.com
2920,ChIJe_kcOcKDw4kRcjZQG9LgoB8,Cycle Pro LLC,(908) 850-1955,"107 US-46, Hackettstown, NJ 07840, USA",,No Website,store,4.8,115,cyclepronj@gmail.com
2921,ChIJM8Egq25RwokRVPNj0TL1V2Y,Advance E-Bike LLC,(347) 348-2518,"126 Monticello Ave fl1, Jersey City, NJ 07304, USA",,No Website,bicycle_store,4.9,13,advanceebike@gmail.com
2923,ChIJO7fs_WL5wokRNnJK8opXOZ8,Original Bike Shop,(973) 478-6555,"108 US-46, Saddle Brook, NJ 07663, USA",,No Website,bicycle_store,4.4,155,originalbikeshop@gmail.com
2925,ChIJM8Egq25RwokRVPNj0TL1V2Y,Advance E-Bike LLC,(347) 348-2518,"126 Monticello Ave fl1, Jersey City, NJ 07304, USA",,No Website,bicycle_store,4.9,13,advanceebike@gmail.com
2927,ChIJx789aNZXwokRQ00S2h-bw0Q,"UC Ebikes - bikes, scooters, mopeds",(551) 314-5109,"4517 Bergenline Ave, Union City, NJ 07087, USA",,No Website,bicycle_store,4.3,36,ucebikes@gmail.com
2928,ChIJO7fs_WL5wokRNnJK8opXOZ8,Original Bike Shop,(973) 478-6555,"108 US-46, Saddle Brook, NJ 07663, USA",,No Website,bicycle_store,4.4,155,originalbikeshop@gmail.com
2931,ChIJbYJSfXG6w4kR7nD9VXNkKJQ,Pro Tour Cycles,(908) 322-1590,"1590 US-22, Watchung, NJ 07069, USA",,No Website,bicycle_store,4.7,110,info@protourcycles.com
2934,ChIJe8npzoj7wokRv_PfRihx7cU,Elmwood Bicycles,(201) 797-5819,"252 Broadway, Elmwood Park, NJ 07407, USA",,No Website,bicycle_store,4.6,110,info@elmwoodbicycles.com
2936,ChIJM8Egq25RwokRVPNj0TL1V2Y,Advance E-Bike LLC,(347) 348-2518,"126 Monticello Ave fl1, Jersey City, NJ 07304, USA",,No Website,bicycle_store,4.9,13,info@advanceebike.com
2937,ChIJO7fs_WL5wokRNnJK8opXOZ8,Original Bike Shop,(973) 478-6555,"108 US-46, Saddle Brook, NJ 07663, USA",,No Website,bicycle_store,4.4,155,originalbikeshop@gmail.com
2942,ChIJM8Egq25RwokRVPNj0TL1V2Y,Advance E-Bike LLC,(347) 348-2518,"126 Monticello Ave, Jersey City, NJ 07304, USA",,No Website,bicycle_store,4.9,13,info@advanceebike.com
2946,ChIJO7fs_WL5wokRNnJK8opXOZ8,Original Bike Shop,(973) 478-6555,"108 US-46, Saddle Brook, NJ 07663, USA",,No Website,bicycle_store,4.4,155,originalbikeshop@gmail.com
2949,ChIJb675c7uow4kRUzXmLZV59pQ,The Bicycle Store,(973) 377-7777,"206 Ridgedale Ave, Florham Park, NJ 07932, USA",,No Website,bicycle_store,,,info@thebicyclestore.com
2953,ChIJbYJSfXG6w4kR7nD9VXNkKJQ,Pro Tour Cycles,(908) 322-1590,"1590 US-22, Watchung, NJ 07069, USA",,No Website,bicycle_store,4.7,110,protourcycles@gmail.com
2954,ChIJ_wTKwMlTwokRgSGWabDFLeU,"New Jersey Cycles, Inc.",(908) 352-9333,"421 N Broad St, Elizabeth, NJ 07208, USA",,No Website,bicycle_store,3.8,121,newjerseycyclesinc@gmail.com
2957,ChIJO7fs_WL5wokRNnJK8opXOZ8,Original Bike Shop,(973) 478-6555,"108 US-46, Saddle Brook, NJ 07663, USA",,No Website,bicycle_store,4.4,155,originalbikeshop@gmail.com
2961,ChIJM8Egq25RwokRVPNj0TL1V2Y,Advance E-Bike LLC,(347) 348-2518,"126 Monticello Ave fl1, Jersey City, NJ 07304, USA",,No Website,bicycle_store,4.9,13,advanceebike@gmail.com
2964,ChIJb8ABxjWEwYkRe_AIDrXyQ8o,Point Bikes,(732) 899-9755,"2819 Bridge Ave, Point Pleasant, NJ 08742, USA",https://www.facebook.com/Point-Bikes-157332534300282/|pointbikes.com,Social Media Only,bicycle_store,4.5,19,info@pointbikes.com
2965,ChIJM8Egq25RwokRVPNj0TL1V2Y,Advance E-Bike LLC,(347) 348-2518,"126 Monticello Ave fl1, Jersey City, NJ 07304, USA",,No Website,bicycle_store,4.9,13,advanceebike@gmail.com
2966,ChIJVWQIk4WDwYkR-ME8MnlJt6E,Brick Bicycle,(732) 785-5700,"1753 NJ-88 West, Brick Township, NJ 08724, USA",,No Website,service,4.8,132,brickbicycle@gmail.com
2967,ChIJeYL6Qc-awYkRVZLKQzxpbx4,Beach Authority,(732) 250-6252,"3245 NJ-35, Lavallette, NJ 08735, USA",,No Website,clothing_store,4.1,72,info@beachauthoritynj.com
2968,ChIJu6Iz6wElwokR4Vzhl7XBpVs,DJ's Cycles,(732) 870-2277,"644 Ocean Ave N, Long Branch, NJ 07740, USA",,No Website,bicycle_store,4.7,29,djscycles@gmail.com
2990,ChIJzSSkLy0Lw4kRLxM9wxgcgZM,Action 1 Electric LLC,(973) 734-0490,"310 Palmer Rd, Denville, NJ 07834, USA",,No Website,electrician,5,7,info@action1electric.com
2992,ChIJKf1JJLEHw4kR9izpna9GxSQ,Anzalone Electric & Lighting LLC,(973) 222-1932,"11 Farrand Dr, Parsippany, NJ 07054, USA",,No Website,electrician,5,17,anzaloneelectric@gmail.com
2993,ChIJCWOC5pwJw4kRBR5SnKTQY5g,All Phase Electric & Security LLC.,(973) 707-2048,"99 Quaker Church Rd, Randolph, NJ 07869, USA",,No Website,electrician,4.7,14,info@allphaseelectricnj.com
2997,ChIJCWOC5pwJw4kRBR5SnKTQY5g,All Phase Electric & Security LLC.,(973) 707-2048,"99 Quaker Church Rd, Randolph, NJ 07869, USA",,No Website,electrician,4.7,14,info@allphaseelectricnj.com
2998,ChIJzSSkLy0Lw4kRLxM9wxgcgZM,Action 1 Electric LLC,(973) 734-0490,"310 Palmer Rd, Denville, NJ 07834, USA",,No Website,electrician,5,7,info@action1electric.com
2999,ChIJrTa08uUKw4kRRT38yDdC-2g,Lynch Power,(973) 200-7691,"100 Enterprise Dr, Rockaway, NJ 07866, USA",,No Website,electrician,3,2,info@lynchpower.com
3000,ChIJy2tvcHCgw4kR-un_P29i5G0,Kenneth Mattson Electrical Contractor,(973) 727-1129,"6 Dyer Ln, Randolph, NJ 07869, USA",,No Website,electrician,5,2,info@kennethmattsonelectrical.com
3002,ChIJC5c10CQKw4kRMRykCUTo-cM,E & L Battery & Ignition Co,(973) 586-3160,"164 Franklin Ave, Rockaway, NJ 07866, USA",,No Website,auto_parts_store,5,1,sales@elbatteryignition.com
3003,ChIJ-XV8uIIIw4kR0fXXnCX42FI,Innovative Electrical Contractor,(973) 335-5555,"Boonton, NJ 07005, USA",,No Website,electrician,5,4,info@innovativeelectricalnj.com
3004,ChIJKf1JJLEHw4kR9izpna9GxSQ,Anzalone Electric & Lighting LLC,(973) 222-1932,"11 Farrand Dr, Parsippany, NJ 07054, USA",,No Website,electrician,5,17,contact@anzaloneelectric.com
3005,ChIJh-AjMg8Jw4kRWn7DAOWVL6c,J Hill Electric,(201) 213-1399,"4 Valley Rd, Boonton, NJ 07005, USA",,No Website,electrician,,,service@jhillelectric.com
3006,ChIJQS-eDJsIw4kRNI6ozpkkc8o,Sosa Auto Electric Repairs,(973) 402-2220,"301 Main St, Boonton, NJ 07005, USA",,No Website,car_repair,4.8,32,info@sosaautoelectric.com
3007,ChIJO2FZr5sIw4kRasX3aNtjkxY,Eagle Electrical Contractors,(973) 263-8847,"Boonton, NJ 07005, USA",,No Website,electrician,,,contact@eagleelectricalcontractorsnj.com
3008,ChIJE7bxAycGw4kRKxH7VJ3tNiA,"GAR'S Attic Insulation & Roofing Services Inc, NJ",(551) 201-0963,"272 Myrtle Ave, Boonton, NJ 07005, USA",,No Website,electrician,4.7,12,info@garsinsulationroofing.com
3009,ChIJudSKmfwFw4kR2MPacsIbMaY,Benito Quilici Electrical,(973) 335-5306,"51 Boonton Ave, Boonton, NJ 07005, USA",,No Website,electrician,5,1,service@benitoquilicielectrical.com
3010,ChIJmYQVj5sIw4kRP-JpJ-WBIDw,Epm Electric,(973) 334-3744,"731 Birch St, Boonton, NJ 07005, USA",,No Website,electrician,2.3,3,info@epmelectric.com
3013,ChIJFydLgHaFw4kR7HUbmUFERkg,"Grace Electrical Contracting, LLC",(908) 876-3333,"292 W Mill Rd, Long Valley, NJ 07853, USA",,No Website,electrician,5,23,graceelectricalcontracting@gmail.com
3014,ChIJ12bfWYmDw4kR9smWw4lndMs,"Gandley Electrical, LLC",(973) 440-0707,"405 Church St, Hackettstown, NJ 07840, USA",,No Website,electrician,,,gandleyelectrical@gmail.com
3015,ChIJX94jjW6Bw4kRAgLLTAfQ9CA,Townsend Electrical Inc,(908) 637-4727,"8 Barkers Mill Rd, Hackettstown, NJ 07840, USA",,No Website,electrician,,,townsendelectricalinc@gmail.com
3016,ChIJySSWK62nw4kRzN_zc533vaw,Anthony's Finest Electricians,(862) 282-1981,"20 South St #5700, Morristown, NJ 07960, USA",,No Website,electrician,4.8,105,anthonysfinestelectricians@gmail.com
3017,ChIJOaLe8ranw4kRRiGfvNBxfrI,Bruner Electric LLC,(908) 721-6594,"26 Maple Ave, Morris Plains, NJ 07950, USA",,No Website,electrician,5,10,brunerelectricllc@gmail.com
3018,ChIJW2SVnGinw4kRVCRDxygPF8o,"Ming Electric, Inc",(973) 267-7679,"579 Tabor Rd, Morris Plains, NJ 07950, USA",,No Website,electrician,5,3,mingelectricinc@gmail.com
3030,ChIJKf1JJLEHw4kR9izpna9GxSQ,Anzalone Electric & Lighting LLC,(973) 222-1932,"11 Farrand Dr, Parsippany, NJ 07054, USA",,No Website,electrician,5,17,info@anzaloneelectric.com
3033,ChIJzSSkLy0Lw4kRLxM9wxgcgZM,Action 1 Electric LLC,(973) 734-0490,"310 Palmer Rd, Denville, NJ 07834, USA",,No Website,electrician,5,7,action1electric@gmail.com
3034,ChIJySSWK62nw4kRzN_zc533vaw,Anthony's Finest Electricians,(862) 282-1981,"20 South St #5700, Morristown, NJ 07960, USA",,No Website,electrician,4.8,105,anthonysfinestelectricians@gmail.com
3035,ChIJQ6Snuh4Iw4kRZcJ9cBa5sgw,"Blueprint Electric, LLC",(973) 585-6448,"27 Springview Dr, Parsippany, NJ 07054, USA",,No Website,electrician,5,3,info@blueprintelectricnj.com
3037,ChIJp709Zzutw4kRoF6Q_pqy01Y,Brehim Electric,(862) 352-7544,"2075 Millburn Ave, Maplewood, NJ 07040, USA",,No Website,electrician,5,57,brehimelectric@gmail.com
3038,ChIJ8Xox2LKvw4kRz00nAQCzAyI,IHS Electric LLC,(908) 273-1111,"100 Summit Ave, Summit, NJ 07901, USA",,No Website,electrician,5,2,ihselectricllc@gmail.com
3039,ChIJ_T1SvPOxw4kR6KEQ77CZLNo,All County Electric llc,(908) 209-4745,"348 Briar Patch, Mountainside, NJ 07092, USA",,No Website,electrician,4.8,20,info@allcountyelectricnj.com
3040,ChIJOaLe8ranw4kRRiGfvNBxfrI,Bruner Electric LLC,(908) 721-6594,"26 Maple Ave, Morris Plains, NJ 07950, USA",,No Website,electrician,5,10,info@brunerelectricllc.com
3041,ChIJySSWK62nw4kRzN_zc533vaw,Anthony's Finest Electricians,(862) 282-1981,"20 South St #5700, Morristown, NJ 07960, USA",,No Website,electrician,4.8,105,anthonysfinestelectricians@gmail.com
3043,ChIJG3Ez7UOuw4kR6-vYbCf2HhA,"Hilltop Electric, Inc.",(908) 273-2839,"111 Orchard St, Summit, NJ 07901, USA",,No Website,electrician,,,info@hilltopelectricnj.com
3044,ChIJffztK2Wtw4kRsP2NZjoDKCY,Omega electrical contractors,(973) 392-7610,"11 Martha Ave, Vauxhall, NJ 07088, USA",,No Website,electrician,,,info@omegaelectricalcontractors.com
3045,ChIJF4RDDKLIw4kRA_nvjNiIDzI,Walter Danley Electric,(732) 254-7076,"21 Milton Ave, East Brunswick, NJ 08816, USA",,No Website,electrician,3.8,15,info@walterdanleyelectric.com
3046,ChIJ7wMiN4jPw4kR293Kb5X2oLY,BeckEL Electric LLC,(732) 355-3071,"331 New Brunswick Ave, East Brunswick, NJ 08816, USA",,No Website,electrician,5,2,beckelelectric@gmail.com
3057,ChIJR4_XbOKFwYkRmBV9rDAYek0,"JCPL Electrical Service & Roofing Services Point Pleasant Beach, NJ",(551) 201-1804,"403 New Jersey Ave, Point Pleasant Beach, NJ 08742, USA",,No Website,service,4.5,20,jcplelectrical@gmail.com
3061,ChIJqRyi5tCFwYkRkTuxiNXFSrQ,Victory Electrical Supplies Co,(732) 899-1990,"3207 Mattapan Ave, Point Pleasant, NJ 08742, USA",,No Website,electrician,,,info@victoryelectricalsupplies.com
3062,ChIJhXU3CzEyx4kR_THl8r-OAuM,"GEN X Electrical Contractors, NJ",(856) 297-0394,"1452 S Delsea Dr, Vineland, NJ 08360, USA",,No Website,electrician,4.3,12,info@genxec.com
3069,ChIJ--p9WJszx4kRbzvV2ejXP2I,Vineland Municipal Electric,(856) 825-5094,"4087 S Lincoln Ave, Vineland, NJ 08360, USA",,No Website,electrician,2.5,4,electric@vinelandcity.org
3080,ChIJtRr73RR3_IgRljf5-a7HthY,Heritage Electrician Contractor,(843) 342-2520,"11 Spruce Dr, Bluffton, SC 29910, USA",,No Website,electrician,4.8,6,info@heritageelectriciancontractor.com
3082,ChIJqT0qZit4_IgRIS8sc14xBTQ,Boni & Son's Electrical Contracting,(843) 681-6065,"374 Spanish Wells Rd # C, Hilton Head Island, SC 29926, USA",,No Website,electrician,,,info@boniandsons.com
3083,ChIJ76c7EASJ-4gRjuL_3LuILeY,Trudeau Electric Inc,(843) 815-3820,"365 Red Cedar St #301, Bluffton, SC 29910, USA",,No Website,electrician,5,1,info@trudeauelectricinc.com
3084,ChIJI9GWEEF3_IgRJdA7WBAezCU,Sun & Shade Electric Co,(843) 681-8741,"1000 William Hilton Pkwy, Hilton Head Island, SC 29928, USA",,No Website,electrician,3.7,3,info@sunandshadeelectric.com
3085,ChIJjzPn5ugL_IgRPlT8V5RwHOo,Atlantic Electrical Service & Maintenance,(843) 321-1126,"1109 State Rd S-7-469, Beaufort, SC 29906, USA",,No Website,service,4.3,3,info@atlanticelectricalsc.com
3092,ChIJCaLZZlZ4_IgRh1M3HRSKmhU,Reed Electric,(843) 785-8613,"98 Sea Crest Ln, Seabrook, SC 29940, USA",,No Website,electrician,3.7,3,contact@reedelectricsc.com
3093,ChIJg5yYwjcM_IgRaX2C65n5RYA,Atlantic South Power,(843) 379-2044,"2015 Boundary St, Beaufort, SC 29902, USA",,No Website,electrician,,,info@atlanticsouthpower.com
3095,ChIJjzPn5ugL_IgRPlT8V5RwHOo,Atlantic Electrical Service & Maintenance,(843) 321-1126,"1109 State Rd S-7-469, Beaufort, SC 29906, USA",,No Website,service,4.3,3,service@atlanticelectricalsc.com
3097,ChIJlT3luVS3_ogRrudqLaEbyok,Beach Electrical Services Inc,(843) 538-3852,"2502 Jefferies Hwy, Walterboro, SC 29488, USA",,No Website,electrician,4.9,16,contact@beachelectricalservices.com
3099,ChIJcVLkwu8M_IgRKJS6o1K7m48,Strader Electrical,(843) 524-0568,"708 Mystic Dr W, Beaufort, SC 29902, USA",,No Website,electrician,2,2,info@straderelectrical.com
3120,ChIJo2pJKcqW-4gR_mWeQgB3GvE,Royal Mechanical of SC Inc,(843) 784-5911,"515 McElwee Estates Rd, Hardeeville, SC 29927, USA",,No Website,plumber,4.5,4,info@royalmechanicalofsc.com
3121,ChIJPYYiXl2I-4gRkMLyD_t1qjk,Phillips Electrical Co,(843) 757-3000,"69 Foreman Hill Rd, Bluffton, SC 29910, USA",,No Website,electrician,,,phillipselec@hargray.com
3122,ChIJF8hGG-YYoSIRlmmY0XaFD9I,Infinity Electric LLC,(843) 304-9424,"1008 Fording Island Rd, Bluffton, SC 29910, USA",,No Website,electrician,5,3,infinityelectricllc@gmail.com
3123,ChIJtRr73RR3_IgRljf5-a7HthY,Heritage Electrician Contractor,(843) 342-2520,"11 Spruce Dr, Bluffton, SC 29910, USA",,No Website,electrician,4.8,6,heritageelectriciancontractor@gmail.com
3124,ChIJ6SSHyGPpiA4RMsFLIb836vs,Precision Electric Services LLC - Bluffton SC,(843) 227-2885,"25 Thurmond Way #774, Bluffton, SC 29910, USA",,No Website,electrician,5,10,info@precisionelectricsc.com
3125,ChIJzSQ1ezCP-4gRm8WYIYrrGnQ,Cramer's Electrical Services,(843) 757-2629,"788 Cattle Run Way, Bluffton, SC 29910, USA",,No Website,electrician,4,4,cramerselectrical@gmail.com
3126,ChIJtb68KZOR-4gR-xLsw1EKhVs,Knighten Electric - Electrician Bluffton Hilton Head,(843) 949-7100,"201 Heritage Pkwy, Bluffton, SC 29910, USA",,No Website,electrician,,,info@knightenelectric.com
3127,ChIJ76c7EASJ-4gRjuL_3LuILeY,Trudeau Electric Inc,(843) 815-3820,"365 Red Cedar St #301, Bluffton, SC 29910, USA",,No Website,electrician,5,1,trudeauelectric@hargray.com
3128,ChIJyVCQ51iI-4gRjyfvPCSOgNM,William Ryan Co,(843) 837-3533,"15 Lost Hollow Ln, Bluffton, SC 29910, USA",,No Website,electrician,5,1,info@williamryanco.com
3129,ChIJHaZzA1CI-4gRuPjzbviNdvE,Dedicated Electric,(843) 757-8506,"19 Tillinghast Cir, Bluffton, SC 29910, USA",,No Website,electrician,5,2,dedicatedelectricsc@gmail.com
3132,ChIJ_5pwdBOJ-4gR_NZpC0sq7hk,Turner Electrical of Sc Inc,(843) 757-4111,"41 Plantation Park Dr #200, Bluffton, SC 29910, USA",,No Website,electrician,1,1,turnerelectricalofsc@gmail.com
3133,ChIJL_v5GaaP-4gRN0kfJusgZ_c,Pilgrim Electric,(843) 757-4111,"20 Driftwood Ct, Bluffton, SC 29910, USA",,No Website,service,5,1,pilgrimelectricllc@gmail.com
3134,ChIJVyXaKfGI-4gRGeF-XTlPO8Q,Cooney Electric,(843) 706-3079,"1008 Fording Island Rd, Bluffton, SC 29910, USA",,No Website,electrician,2,1,cooneyelectricllc@gmail.com
3135,ChIJU53JhSOJ-4gRA9aW0mZNX7A,Gar-Tec Electrical Services & Dryer Vent Cleaning Ltd,(843) 706-3079,"192 Buck Island Rd, Bluffton, SC 29910, USA",,No Website,service,4.3,6,gartecelectrical@gmail.com
3136,ChIJPYYiXl2I-4gRkMLyD_t1qjk,Phillips Electrical Co,(843) 757-4111,"69 Foreman Hill Rd, Bluffton, SC 29910, USA",,No Website,electrician,,,phillipselec@gmail.com
3137,ChIJJXqi7Z-P-4gRMcQXdwogw8A,John Corwin Electrical Inc,(843) 757-4109,"419 May River Rd, Bluffton, SC 29910, USA",,No Website,electrician,,,johncorwinelectrical@gmail.com
3152,ChIJ2WW3eMeK_ogRiUsUtKWwhf4,Premier Electrician Partners,(843) 647-6857,"320 US-78, Summerville, SC 29483, USA",,No Website,electrician,5,7,info@premierelectricianpartners.com
3154,ChIJw9KW2Rlh_ogRAQkpgd2bU_4,"Buddy’s Electric Service, LLC",(843) 718-3588,"9433 Hwy 78 Bldg c8, Ladson, SC 29456, USA",,No Website,service,4.8,19,info@buddys-electric.com
3155,ChIJuXpfX4yL_ogR6AyFUcgw62Q,"Wire-Right,LLC",(843) 256-4250,"396 E 5th N St Ste D, Summerville, SC 29485, USA",,No Website,electrician,5,3,contact@wire-right.com
3158,ChIJG-HgmRWUBmIRoCPifrJuymU,Robert Anderson Electrical,(843) 478-4858,"466 N Nassau St, Charleston, SC 29403, USA",,No Website,electrician,5,1,info@robertandersonelectrical.com
3180,ChIJMYUTgQuf-4gRfkEWw5qmS0A,Energy Electric,(912) 657-0139,"3251 W Bay St, Savannah, GA 31408, USA",,No Website,electrician,,,info@energyelectricga.com
3181,ChIJW1GUZ-af-4gR5f_3_86nF3E,Hesco Supply,(912) 234-2231,"19 Westgate Blvd, Savannah, GA 31405, USA",,No Website,service,3.8,13,sales@hescosupply.com
3182,ChIJ0bB_Fe11-4gR0h-WNEWu7og,Reliable Electrical Services,(912) 354-8885,"5007 Paulsen St, Savannah, GA 31405, USA",,No Website,electrician,,,info@reliableelectricalservicesga.com
3183,ChIJX1WKTukL-4gRfoE8ziFw5oo,Savannah Electrician Pros,(912) 417-3346,"113 Abercorn St B3, Savannah, GA 31419, USA",,No Website,electrician,,,info@savannahelectricianpros.com
3184,ChIJpZMkB_al-4gRz7vzIvwXsQ0,JZ Electric,(912) 677-6361,"100 Washington Wy, Guyton, GA 31312, USA",,No Website,electrician,5,19,info@jzelectricllc.com
3185,ChIJf7yB8dSm-4gRQOM57f099O4,Reid Electric,(912) 660-8693,"109 Green Paddock Cir, Guyton, GA 31312, USA",http://www.facebook.com/reidelectric,Social Media Only,electrician,5,146,info@reidelectricllc.com
3186,ChIJJ3t6Tnyh-4gRKAdN27inOVI,KPC Electric,(912) 508-5084,"111 E Mell St, Pooler, GA 31322, USA",,No Website,electrician,5,1,info@kpcelectric.com
3187,ChIJL8aM39-h-4gRS3blZyUhqhQ,J M Wilson Electric Inc,(912) 966-1280,"5119 Augusta Rd, Savannah, GA 31408, USA",,No Website,electrician,,,info@jmwilson.com
3188,ChIJn0tQQvul-4gRe4dA-sFJ6lo,Daiss Electric,(912) 748-5956,"522 Zeigler Rd, Bloomingdale, GA 31302, USA",,No Website,electrician,2,1,info@daisselectric.com
3200,ChIJC7GC4oFXsG0R7h1PcfIFocM,T&M Epoxy Flooring,(973) 873-1151,"535 Union Blvd Suite 2, Totowa, NJ 07512, USA",https://www.instagram.com/troy_hager?igsh=MW41M2NzNjUwZWYweA==&utm_source=qr|https://tmepoxyflooring.com/,Social Media Only,general_contractor,5,21,info@tmepoxyflooring.com
3201,ChIJX1zJA8Vzw4kRoi6fBf0Z6Io,Daz Repairs LLC,(973) 445-5239,"70 Ripplewood Dr, Lake Hopatcong, NJ 07849, USA",,No Website,general_contractor,5,8,dazrepairsllc@gmail.com
3202,ChIJCeWms1L2wokRGbYaptEdi6A,"East Coast Epoxy Floors, LLC",(973) 692-8587,"400 B E Edsall Blvd, Palisades Park, NJ 07650, USA",,No Website,general_contractor,5,2,info@eastcoastepoxyfloors.com
3203,ChIJmS25cSYKw4kRFdJQURNAx1A,Don's Floor Sanding & Refinishing,(973) 625-5054,"41 Van Duyne Ave, Rockaway, NJ 07866, USA",,No Website,general_contractor,3.7,7,donsfloorsanding@gmail.com
3204,ChIJ61eqyJjM4IMRZmy_VDNsAZw,Epoxy Flooring Solution by Viktor,(929) 470-1830,"971 US-9 Apt 5 A, Parlin, NJ 08859, USA",,No Website,general_contractor,5,1,epoxyflooringsolutionbyviktor@gmail.com
3205,ChIJmVcz_HWnw4kRTXgJsMHyi3A,Sky Coatings,(973) 333-7203,"210 Malapardis Rd, Cedar Knolls, NJ 07927, USA",,No Website,general_contractor,5,32,info@skycoatings.com
3206,ChIJC7GC4oFXsG0R7h1PcfIFocM,T&M Epoxy Flooring,(973) 873-1151,"535 Union Blvd Suite 2, Totowa, NJ 07512, USA",https://www.instagram.com/troy_hager?igsh=MW41M2NzNjUwZWYweA==&utm_source=qr|https://tmepoxyflooring.com/,Social Media Only,general_contractor,5,21,info@tmepoxyflooring.com
3207,ChIJX1zJA8Vzw4kRoi6fBf0Z6Io,Daz Repairs LLC,(973) 445-5239,"70 Ripplewood Dr, Lake Hopatcong, NJ 07849, USA",,No Website,general_contractor,5,8,dazrepairsllc@gmail.com
3208,ChIJCeWms1L2wokRGbYaptEdi6A,"East Coast Epoxy Floors, LLC",(973) 692-8587,"400 B E Edsall Blvd, Palisades Park, NJ 07650, USA",,No Website,general_contractor,5,2,info@eastcoastepoxyfloors.com
3209,ChIJmVcz_HWnw4kRTXgJsMHyi3A,Sky Coatings,(973) 333-7203,"210 Malapardis Rd, Cedar Knolls, NJ 07927, USA",,No Website,general_contractor,5,32,info@skycoatings.com
3210,ChIJmVcz_HWnw4kRTXgJsMHyi3A,Sky Coatings,(973) 333-7203,"210 Malapardis Rd, Cedar Knolls, NJ 07927, USA",,No Website,general_contractor,5,32,info@skycoatings.com
3211,ChIJC7GC4oFXsG0R7h1PcfIFocM,T&M Epoxy Flooring,(973) 873-1151,"535 Union Blvd Suite 2, Totowa, NJ 07512, USA",https://www.instagram.com/troy_hager?igsh=MW41M2NzNjUwZWYweA==&utm_source=qr|https://tmepoxyflooring.com,Social Media Only,general_contractor,5,21,info@tmepoxyflooring.com
3212,ChIJX1zJA8Vzw4kRoi6fBf0Z6Io,Daz Repairs LLC,(973) 445-5239,"70 Ripplewood Dr, Lake Hopatcong, NJ 07849, USA",,No Website,general_contractor,5,8,dazrepairsllc@gmail.com
3213,ChIJ61eqyJjM4IMRZmy_VDNsAZw,Epoxy Flooring Solution by Viktor,(929) 470-1830,"971 US-9 Apt 5 A, Parlin, NJ 08859, USA",,No Website,general_contractor,5,1,epoxyflooringsolutionbyviktor@gmail.com
3214,ChIJCeWms1L2wokRGbYaptEdi6A,"East Coast Epoxy Floors, LLC",(973) 692-8587,"400 B E Edsall Blvd, Palisades Park, NJ 07650, USA",,No Website,general_contractor,5,2,info@eastcoastepoxyfloors.com
3215,ChIJmVcz_HWnw4kRTXgJsMHyi3A,Sky Coatings,(973) 333-7203,"210 Malapardis Rd, Cedar Knolls, NJ 07927, USA",,No Website,general_contractor,5,32,info@skycoatings.com
3216,ChIJC7GC4oFXsG0R7h1PcfIFocM,T&M Epoxy Flooring,(973) 873-1151,"535 Union Blvd Suite 2, Totowa, NJ 07512, USA",https://www.instagram.com/troy_hager?igsh=MW41M2NzNjUwZWYweA==&utm_source=qr|https://tmepoxyflooring.com,Social Media Only,general_contractor,5,21,info@tmepoxyflooring.com
3217,ChIJX1zJA8Vzw4kRoi6fBf0Z6Io,Daz Repairs LLC,(973) 445-5239,"70 Ripplewood Dr, Lake Hopatcong, NJ 07849, USA",,No Website,general_contractor,5,8,dazrepairsllc@gmail.com
3218,ChIJ61eqyJjM4IMRZmy_VDNsAZw,Epoxy Flooring Solution by Viktor,(929) 470-1830,"971 US-9 Apt 5 A, Parlin, NJ 08859, USA",,No Website,general_contractor,5,1,epoxyflooringsolutionbyviktor@gmail.com
3219,ChIJCeWms1L2wokRGbYaptEdi6A,"East Coast Epoxy Floors, LLC",(973) 692-8587,"400 B E Edsall Blvd, Palisades Park, NJ 07650, USA",,No Website,general_contractor,5,2,info@eastcoastepoxyfloors.com
3220,ChIJmVcz_HWnw4kRTXgJsMHyi3A,Sky Coatings,(973) 333-7203,"210 Malapardis Rd, Cedar Knolls, NJ 07927, USA",,No Website,general_contractor,5,32,info@skycoatings.com
3221,ChIJC7GC4oFXsG0R7h1PcfIFocM,T&M Epoxy Flooring,(973) 873-1151,"535 Union Blvd Suite 2, Totowa, NJ 07512, USA",https://www.instagram.com/troy_hager?igsh=MW41M2NzNjUwZWYweA==&utm_source=qr|https://www.tmepoxyflooring.com,Social Media Only,general_contractor,5,21,info@tmepoxyflooring.com
3222,ChIJX1zJA8Vzw4kRoi6fBf0Z6Io,Daz Repairs LLC,(973) 445-5239,"70 Ripplewood Dr, Lake Hopatcong, NJ 07849, USA",,No Website,general_contractor,5,8,dazrepairs@gmail.com
3223,ChIJCeWms1L2wokRGbYaptEdi6A,"East Coast Epoxy Floors, LLC",(973) 692-8587,"400 B E Edsall Blvd, Palisades Park, NJ 07650, USA",,No Website,general_contractor,5,2,info@eastcoastepoxyfloors.com
3224,ChIJmVcz_HWnw4kRTXgJsMHyi3A,Sky Coatings,(973) 333-7203,"210 Malapardis Rd, Cedar Knolls, NJ 07927, USA",,No Website,general_contractor,5,32,info@skycoatings.com
3225,ChIJC7GC4oFXsG0R7h1PcfIFocM,T&M Epoxy Flooring,(973) 873-1151,"535 Union Blvd Suite 2, Totowa, NJ 07512, USA",https://www.instagram.com/troy_hager?igsh=MW41M2NzNjUwZWYweA==&utm_source=qr|https://www.tmepoxyflooring.com,Social Media Only,general_contractor,5,21,info@tmepoxyflooring.com
3226,ChIJCeWms1L2wokRGbYaptEdi6A,"East Coast Epoxy Floors, LLC",(973) 692-8587,"400 B E Edsall Blvd, Palisades Park, NJ 07650, USA",,No Website,general_contractor,5,2,info@eastcoastepoxyfloors.com
3227,ChIJX1zJA8Vzw4kRoi6fBf0Z6Io,Daz Repairs LLC,(973) 445-5239,"70 Ripplewood Dr, Lake Hopatcong, NJ 07849, USA",,No Website,general_contractor,5,8,dazrepairs@gmail.com
3229,ChIJK6TMwSRZwokRH9pSurH3otM,White Rhino Resurfacing- Epoxy And Concrete Floors,(201) 540-9398,"6415 Broadway B300, West New York, NJ 07093, USA",,No Website,general_contractor,5,12,info@whiterhinoresurfacing.com
3230,ChIJmVcz_HWnw4kRTXgJsMHyi3A,Sky Coatings,(973) 333-7203,"210 Malapardis Rd, Cedar Knolls, NJ 07927, USA",,No Website,general_contractor,5,32,info@skycoatings.com
3231,ChIJC7GC4oFXsG0R7h1PcfIFocM,T&M Epoxy Flooring,(973) 873-1151,"535 Union Blvd Suite 2, Totowa, NJ 07512, USA",https://www.instagram.com/troy_hager?igsh=MW41M2NzNjUwZWYweA==&utm_source=qr|https://www.tmepoxyflooring.com,Social Media Only,general_contractor,5,21,info@tmepoxyflooring.com
3232,ChIJCeWms1L2wokRGbYaptEdi6A,"East Coast Epoxy Floors, LLC",(973) 692-8587,"400 B E Edsall Blvd, Palisades Park, NJ 07650, USA",,No Website,general_contractor,5,2,info@eastcoastepoxyfloors.com
3233,ChIJX1zJA8Vzw4kRoi6fBf0Z6Io,Daz Repairs LLC,(973) 445-5239,"70 Ripplewood Dr, Lake Hopatcong, NJ 07849, USA",,No Website,general_contractor,5,8,dazrepairsllc@gmail.com
3234,ChIJmVcz_HWnw4kRTXgJsMHyi3A,Sky Coatings,(973) 333-7203,"210 Malapardis Rd, Cedar Knolls, NJ 07927, USA",,No Website,general_contractor,5,32,info@skycoatings.com
3235,ChIJC7GC4oFXsG0R7h1PcfIFocM,T&M Epoxy Flooring,(973) 873-1151,"535 Union Blvd Suite 2, Totowa, NJ 07512, USA",https://www.instagram.com/troy_hager?igsh=MW41M2NzNjUwZWYweA==&utm_source=qr|https://www.tmepoxyflooring.com,Social Media Only,general_contractor,5,21,info@tmepoxyflooring.com
3236,ChIJO7JdC8o0OkcRfey2NoUE9E4,Done right epoxy flooring and concrete repairs,(732) 604-5754,"30 Steinhardt Ave, Old Bridge, NJ 08857, USA",,No Website,general_contractor,5,1,donerightepoxy@gmail.com
3237,ChIJ61eqyJjM4IMRZmy_VDNsAZw,Epoxy Flooring Solution by Viktor,(929) 470-1830,"971 US-9 Apt 5 A, Parlin, NJ 08859, USA",,No Website,general_contractor,5,1,viktor.epoxy@gmail.com
3238,ChIJK6TMwSRZwokRH9pSurH3otM,White Rhino Resurfacing- Epoxy And Concrete Floors,(201) 540-9398,"6415 Broadway B300, West New York, NJ 07093, USA",,No Website,general_contractor,5,12,info@whiterhinoresurfacing.com
3239,ChIJmVcz_HWnw4kRTXgJsMHyi3A,Sky Coatings,(973) 333-7203,"210 Malapardis Rd, Cedar Knolls, NJ 07927, USA",,No Website,general_contractor,5,32,info@skycoatings.com
3240,ChIJ61eqyJjM4IMRZmy_VDNsAZw,Epoxy Flooring Solution by Viktor,(929) 470-1830,"971 US-9 Apt 5 A, Parlin, NJ 08859, USA",,No Website,general_contractor,5,1,info@epoxyflooringsolutionbyviktor.com
3241,ChIJC7GC4oFXsG0R7h1PcfIFocM,T&M Epoxy Flooring,(973) 873-1151,"535 Union Blvd Suite 2, Totowa, NJ 07512, USA",https://www.instagram.com/troy_hager?igsh=MW41M2NzNjUwZWYweA==&utm_source=qr|tmepoxyflooring.com,Social Media Only,general_contractor,5,21,info@tmepoxyflooring.com
3242,ChIJO7JdC8o0OkcRfey2NoUE9E4,Done right epoxy flooring and concrete repairs,(732) 604-5754,"30 Steinhardt Ave, Old Bridge, NJ 08857, USA",,No Website,general_contractor,5,1,donerightepoxyflooring@gmail.com
3243,ChIJCeWms1L2wokRGbYaptEdi6A,"East Coast Epoxy Floors, LLC",(973) 692-8587,"400 B E Edsall Blvd, Palisades Park, NJ 07650, USA",,No Website,general_contractor,5,2,info@eastcoastepoxyfloors.com
3244,ChIJK6TMwSRZwokRH9pSurH3otM,White Rhino Resurfacing- Epoxy And Concrete Floors,(201) 540-9398,"6415 Broadway B300, West New York, NJ 07093, USA",,No Website,general_contractor,5,12,info@whiterhinoresurfacing.com
3246,ChIJC7GC4oFXsG0R7h1PcfIFocM,T&M Epoxy Flooring,(973) 873-1151,"535 Union Blvd Suite 2, Totowa, NJ 07512, USA",https://www.instagram.com/troy_hager?igsh=MW41M2NzNjUwZWYweA==&utm_source=qr|tmepoxyflooring.com,Social Media Only,general_contractor,5,21,info@tmepoxyflooring.com
3247,ChIJ61eqyJjM4IMRZmy_VDNsAZw,Epoxy Flooring Solution by Viktor,(929) 470-1830,"971 US-9 Apt 5 A, Parlin, NJ 08859, USA",,No Website,general_contractor,5,1,info@epoxyflooringsolutionbyviktor.com
3249,ChIJC7GC4oFXsG0R7h1PcfIFocM,T&M Epoxy Flooring,(973) 873-1151,"535 Union Blvd Suite 2, Totowa, NJ 07512, USA",https://www.instagram.com/troy_hager?igsh=MW41M2NzNjUwZWYweA==&utm_source=qr|tmepoxyflooring.com,Social Media Only,general_contractor,5,21,info@tmepoxyflooring.com
3250,ChIJCeWms1L2wokRGbYaptEdi6A,"East Coast Epoxy Floors, LLC",(973) 692-8587,"400 B E Edsall Blvd, Palisades Park, NJ 07650, USA",,No Website,general_contractor,5,2,info@eastcoastepoxyfloors.com
3251,ChIJ61eqyJjM4IMRZmy_VDNsAZw,Epoxy Flooring Solution by Viktor,(929) 470-1830,"971 US-9 Apt 5 A, Parlin, NJ 08859, USA",,No Website,general_contractor,5,1,epoxyflooringsolutionbyviktor@gmail.com
3252,ChIJO7JdC8o0OkcRfey2NoUE9E4,Done right epoxy flooring and concrete repairs,(732) 604-5754,"30 Steinhardt Ave, Old Bridge, NJ 08857, USA",,No Website,general_contractor,5,1,donerightepoxyflooring@gmail.com
3253,ChIJmVcz_HWnw4kRTXgJsMHyi3A,Sky Coatings,(973) 333-7203,"210 Malapardis Rd, Cedar Knolls, NJ 07927, USA",,No Website,general_contractor,5,32,info@skycoatings.com
3254,ChIJCeWms1L2wokRGbYaptEdi6A,"East Coast Epoxy Floors, LLC",(973) 692-8587,"400 B E Edsall Blvd, Palisades Park, NJ 07650, USA",,No Website,general_contractor,5,2,info@eastcoastepoxyfloors.com
3255,ChIJC7GC4oFXsG0R7h1PcfIFocM,T&M Epoxy Flooring,(973) 873-1151,"535 Union Blvd Suite 2, Totowa, NJ 07512, USA",https://www.instagram.com/troy_hager?igsh=MW41M2NzNjUwZWYweA==&utm_source=qr|https://tmepoxyflooring.com/,Social Media Only,general_contractor,5,21,info@tmepoxyflooring.com
3256,ChIJmVcz_HWnw4kRTXgJsMHyi3A,Sky Coatings,(973) 333-7203,"210 Malapardis Rd, Cedar Knolls, NJ 07927, USA",,No Website,general_contractor,5,32,info@skycoatings.com
3257,ChIJC7GC4oFXsG0R7h1PcfIFocM,T&M Epoxy Flooring,(973) 873-1151,"535 Union Blvd Suite 2, Totowa, NJ 07512, USA",https://www.instagram.com/troy_hager?igsh=MW41M2NzNjUwZWYweA==&utm_source=qr|https://tmepoxyflooring.com/,Social Media Only,general_contractor,5,21,info@tmepoxyflooring.com
3271,ChIJCzxCfTevsKcRnmoqxSOjRwc,East Coast Epoxy & Garage Design LLC,(864) 430-0000,"13455 E Wade Hampton Blvd, Lyman, SC 29365, USA",https://www.facebook.com/share/1F6SArsCjd/?mibextid=wwXIfr,Social Media Only,general_contractor,5,7,eastcoastepoxyandgaragedesign@gmail.com
3275,ChIJCzxCfTevsKcRnmoqxSOjRwc,East Coast Epoxy & Garage Design LLC,(864) 430-0000,"13455 E Wade Hampton Blvd, Lyman, SC 29365, USA",https://www.facebook.com/share/1F6SArsCjd/?mibextid=wwXIfr,Social Media Only,general_contractor,5,7,eastcoastepoxyandgaragedesign@gmail.com
3277,ChIJCzxCfTevsKcRnmoqxSOjRwc,East Coast Epoxy & Garage Design LLC,(864) 430-0000,"13455 E Wade Hampton Blvd, Lyman, SC 29365, USA",https://www.facebook.com/share/1F6SArsCjd/?mibextid=wwXIfr,Social Media Only,general_contractor,5,7,eastcoastepoxyandgaragedesign@gmail.com
3280,ChIJCzxCfTevsKcRnmoqxSOjRwc,East Coast Epoxy & Garage Design LLC,(864) 430-9000,"13455 E Wade Hampton Blvd, Lyman, SC 29365, USA",https://www.facebook.com/share/1F6SArsCjd/?mibextid=wwXIfr,Social Media Only,general_contractor,5,7,info@ecepoxy.com
3281,ChIJjfHDJUkN_IgR1isA0nSD2aw,Epoxy it floor designs,(843) 271-5911,"401 Ribaut Rd, Beaufort, SC 29902, USA",,No Website,general_contractor,,,epoxyitfloordesigns@gmail.com
3283,ChIJCzxCfTevsKcRnmoqxSOjRwc,East Coast Epoxy & Garage Design LLC,(864) 430-9000,"13455 E Wade Hampton Blvd, Lyman, SC 29365, USA",https://www.facebook.com/share/1F6SArsCjd/?mibextid=wwXIfr,Social Media Only,general_contractor,5,7,info@ecepoxy.com
3285,ChIJCzxCfTevsKcRnmoqxSOjRwc,East Coast Epoxy & Garage Design LLC,(864) 430-9000,"13455 E Wade Hampton Blvd, Lyman, SC 29365, USA",https://www.facebook.com/share/1F6SArsCjd/?mibextid=wwXIfr,Social Media Only,general_contractor,5,7,info@ecepoxy.com
3287,ChIJW5f80QMVJYgRUhUd98wFlvc,"Durable Epoxy Floors, LLC",(810) 845-4246,"9355 Phelps Rd, Clay Township, MI 48001, USA",,No Website,general_contractor,4.9,13,durableepoxyfloors@gmail.com
3289,ChIJtwSGPXl35EARS5A4xAHVTbA,Deluxe Epoxy & Painting,(912) 901-6156,"258 Cattle Run Way, Pooler, GA 31322, USA",https://www.facebook.com/profile.php?id=100094640031679,Social Media Only,,5,8,deluxeepoxyandpainting@gmail.com
3293,ChIJHy3SD7Snw4kRIJEI-KHWR2g,Bella Events and Decor,(973) 202-9676,"150 Kiel Ave, Kinnelon, NJ 07405, USA",,No Website,service,4.9,26,info@bellaeventsanddecor.com
3294,ChIJSdhgT10Lw4kRw7DFBxs78bA,Event Ease Balloon Decor NJ,(973) 554-3581,"128 Franklin Ave, Rockaway, NJ 07866, USA",,No Website,,,,info@eventeaseballoondecor.com
3295,ChIJqyA3K9mhw4kRrxdSbHRmKyU,MagiIllusion Event Planning and Design,(917) 287-2564,"269 Center Grove Rd, Randolph, NJ 07869, USA",,No Website,,,,info@magiillusion.com
3296,ChIJMSDA3m0Lw4kRd-CQm1YJuc4,Paradise Event Space LLC,(301) 257-6976,"3118 NJ-10, Denville, NJ 07834, USA",,No Website,event_venue,5,6,info@paradiseeventspacenj.com
3297,ChIJ5YftfSwLw4kRiVLMvh5G_r0,UNDRGRND Speakeasy & Event Venue,(201) 637-9094,"3118 NJ-10, Denville, NJ 07834, USA",,No Website,event_venue,5,1,info@undrgrndnj.com
3298,ChIJ24Zsqj0Lw4kR0-UKhGezTgg,"Special Events Resources, Inc.",(973) 366-6666,"102 Richards Ave, Dover, NJ 07801, USA",,No Website,service,4.2,5,info@specialeventsresources.com
3299,ChIJHy3SD7Snw4kRIJEI-KHWR2g,Bella Events and Decor,(973) 202-9676,"150 Kiel Ave, Kinnelon, NJ 07405, USA",,No Website,service,4.9,26,info@bellaeventsanddecor.com
3300,ChIJt60ZdKKmw4kRpZ0a-U0L-uo,My Bellissima - Wedding Consulting + Event Planning,(973) 998-5817,"13 James St, Morristown, NJ 07960, USA",,No Website,service,4.3,6,info@mybellissima.com
3301,ChIJM5jIF1CDw4kRfDN2hCaa_Hs,Eternal Events,(973) 567-3487,"112 East Ave Ste 7B, Hackettstown, NJ 07840, USA",,No Website,service,,,info@eternaleventsnj.com
3302,ChIJt60ZdKKmw4kRpZ0a-U0L-uo,My Bellissima - Wedding Consulting + Event Planning,(973) 998-5817,"13 James St, Morristown, NJ 07960, USA",,No Website,service,4.3,6,info@mybellissima.com
3305,ChIJB_u-I9THw4kRJ2SvuOdVmNU,Exquisite Event,(908) 646-0998,"159 Oakland Ave, Somerset, NJ 08873, USA",,No Website,service,5,3,info@exquisiteeventnj.com
3308,ChIJHTbrM_1_wYkR6GHidf6hLog,Peerless Elegance Event Planning,(347) 972-7925,"1020 Larsen Rd, Jackson Township, NJ 08527, USA",https://instagram.com/designs_by_shadiek?igshid=NTc4MTIwNjQ2YQ==,Social Media Only,service,4.9,23,info@peerlesselegance.com
3309,ChIJF3HuvXgzx4kR3qghvp14WZQ,RoséBelleTouch,(856) 213-6000,"1070 W Sherman Ave, Vineland, NJ 08360, USA",,No Website,service,,,rosebelletouch@gmail.com
3323,ChIJ12WRw-0N_IgRxXr1xIDY2Ag,Style Sisters Official,(843) 816-1194,"10 Marshview Dr, Beaufort, SC 29907, USA",,No Website,service,,,stylesistersofficial@gmail.com
3324,ChIJlUJMXXQM_IgRZhYWFL3FJas,The Beautiful Cornerstone Wedding Services,(843) 252-3841,"10 Broad River Blvd, Beaufort, SC 29906, USA",,No Website,wedding_venue,5,1,thebeautifulcornerstone@gmail.com
3325,ChIJu1LIbuSJ-4gRWak7srMUl2o,Everlasting Memories- Wedding & Corporate Event Planner,(912) 484-1449,"11 Parklands Dr #1235, Bluffton, SC 29910, USA",,No Website,service,3,10,everlastingmemoriesllc@gmail.com
3327,ChIJ1bOJ7Vzz-4gRrKflm4DM3Tc,Liz Creations Event Planner,(843) 540-2776,"53 Virginia Pine, Ridgeland, SC 29936, USA",,No Website,service,,,lizcreationseventplanner@gmail.com
3328,ChIJ1bOJ7Vzz-4gRrKflm4DM3Tc,Liz Creations Event Planner,(843) 540-2776,"53 Virginia Pine, Ridgeland, SC 29936, USA",,No Website,service,,,lizcreationseventplanner@gmail.com
3331,ChIJu1LIbuSJ-4gRWak7srMUl2o,Everlasting Memories- Wedding & Corporate Event Planner,(912) 484-1449,"11 Parklands Dr #1235, Bluffton, SC 29910, USA",,No Website,service,3,10,info@everlastingmemoriesweddings.com
3333,ChIJu1LIbuSJ-4gRWak7srMUl2o,Everlasting Memories- Wedding & Corporate Event Planner,(912) 484-1449,"11 Parklands Dr #1235, Bluffton, SC 29910, USA",,No Website,service,3,10,info@everlastingmemoriesweddings.com
3338,ChIJASohcN17_ogRrDIo7IZ5g1I,Elegant Events By Kim LLC,(843) 814-3854,"1337 Whippoorwill Farm Rd, Johns Island, SC 29455, USA",,No Website,service,5,5,kim@eleganteventsbykim.com
3339,ChIJ2VnoD2EJw4kRWcHqMOG1zHI,Law Office of Christian Campaniolo,(973) 299-0000,"115 US-46 Building F, Mountain Lakes, NJ 07046, USA",,No Website,lawyer,5,3,christian@campaniololaw.com
3340,ChIJqyGzZJYJw4kRWIgNHOWtivk,Paterson Keith E,(973) 625-0044,"124 E Main St Ste 104, Denville, NJ 07834, USA",,No Website,lawyer,5,12,info@keithpatersonlaw.com
3342,ChIJgc93eZIIw4kRhIQcUnFTK-g,McHugh & Brancato,(973) 541-9229,"104 Elcock Ave, Boonton, NJ 07005, USA",,No Website,lawyer,5,8,info@mchughbrancato.com
3343,ChIJ6eVGCXeDw4kRWEBGaw0Opbo,Jane Paftinos Law Offices,(908) 852-4500,"176 Mountain Ave, Hackettstown, NJ 07840, USA",,No Website,lawyer,4.6,12,jane@janepaftinoslaw.com
3344,ChIJFQUZ9yV3w4kRuBCSRBrDRMU,Frederick C. Norton Attorney At Law,(973) 347-6301,"276 US-206, Byram Township, NJ 07821, USA",,No Website,lawyer,5,2,info@fredericknortonlaw.com
3345,ChIJr_oA9_ajw4kRmxiddbNqyyg,Stephanie Frangos Hagan Esq,(973) 467-5556,"44 Whippany Rd, Morristown, NJ 07960, USA",,No Website,lawyer,3.4,5,stephanie@stephaniehaganlaw.com
3346,ChIJ2VnoD2EJw4kRWcHqMOG1zHI,Law Office of Christian Campaniolo,(973) 263-0007,"115 US-46 Building F, Mountain Lakes, NJ 07046, USA",,No Website,lawyer,5,3,christian@campaniololaw.com
3349,ChIJ2VnoD2EJw4kRWcHqMOG1zHI,Law Office of Christian Campaniolo,(973) 263-0007,"115 US-46 Building F, Mountain Lakes, NJ 07046, USA",,No Website,lawyer,5,3,christian@campaniololaw.com
3350,ChIJIS4tSQWHwYkRE-2wUfsnYp0,John Flynn Attorney At Law,(732) 528-8000,"3349 NJ-138 Bldg c suite d, Wall Township, NJ 07719, USA",,No Website,lawyer,5,2,john@johnflynnlaw.com
3351,ChIJC_jaJ-CFwYkRYwXgGWsY55s,Ravaschiere Gina J,(732) 892-9050,"703 Richmond Ave, Point Pleasant Beach, NJ 08742, USA",,No Website,lawyer,3,2,gina@ginaravaschierelaw.com
3353,ChIJU8KW0Hoyx4kRH6c2xxBXDs8,Susan Romeo - Family Law Attorney,(856) 692-2788,"110 N 6th St, Vineland, NJ 08360, USA",,No Website,lawyer,4.3,9,susan@susanromeolaw.com
3354,ChIJX1k2L_kyx4kRyFTcb0y9h4Y,Rothenberg Moshe,(856) 236-4374,"880 E Elmer Rd, Vineland, NJ 08360, USA",,No Website,lawyer,4.9,132,moshe@mosherothenberg.com
3356,ChIJW8rdlQB5_IgRLo5NpMz7TYg,Law Office of Maria Belbas Parker P.A.,(843) 341-9200,"7 Finch St Ste 7A, Hilton Head Island, SC 29926, USA",,No Website,lawyer,5,1,maria@mariabelbasparkerlaw.com
3357,ChIJAQAwdAB5_IgRsmeuBi_aLdE,Bluffton Divorce Attorney,(843) 638-1020,"10 Office Way #200, Hilton Head Island, SC 29928, USA",,No Website,lawyer,,,david@rothlawsc.com
3358,ChIJ5TqL950N_IgRFU2Ac4DsOwA,"Ralph V. Baldwin, Jr Attorney at Law",(843) 524-3958,"1 Professional Dr, Port Royal, SC 29935, USA",,No Website,lawyer,5,2,ralph@baldwinlawsc.com
3359,ChIJ7xCmmHUN_IgRQdlbMQn6XZI,"Harper Law Firm, LLC",(843) 524-8595,"2015 Boundary St Ste 315, Beaufort, SC 29902, USA",,No Website,lawyer,5,1,info@harperlawfirmsc.com
3360,ChIJ_UsMSbQN_IgRiEU-VyLCGvA,Logan Law Firm,(843) 524-0042,"806 Charles St, Beaufort, SC 29902, USA",,No Website,lawyer,4.8,21,info@loganlawfirmsc.com
3365,ChIJ7xCmmHUN_IgRQdlbMQn6XZI,"Harper Law Firm, LLC",(843) 524-8595,"2015 Boundary St Ste 315, Beaufort, SC 29902, USA",,No Website,lawyer,5,1,info@harperlawfirmsc.com
3369,ChIJ65sSvc4M_IgRoMuA-_9dV5s,"Jared S Newman, PA",(843) 522-1313,"1508 Paris Ave, Port Royal, SC 29935, USA",,No Website,consultant,4.9,10,info@newmanlawsc.com
3370,ChIJ38VWqAV2_IgRgZXAqmP1eng,FamilyLaw Matters,(843) 357-8888,"3 Drayton Hall, Bluffton, SC 29910, USA",,No Website,lawyer,3.5,2,info@familylawmatters.net
3371,ChIJvQC1cBKJ-4gRfsVs4bLj2Zs,Bowers & Siren Law Firm,(843) 757-8020,"23 Plantation Park Dr #503, Bluffton, SC 29910, USA",,No Website,lawyer,,,info@bowersandsiren.com
3372,ChIJ38VWqAV2_IgRgZXAqmP1eng,FamilyLaw Matters,(843) 357-8888,"3 Drayton Hall, Bluffton, SC 29910, USA",,No Website,lawyer,3.5,2,info@familylawmatters.net
3373,ChIJvQC1cBKJ-4gRfsVs4bLj2Zs,Bowers & Siren Law Firm,(843) 757-8020,"23 Plantation Park Dr #503, Bluffton, SC 29910, USA",,No Website,lawyer,,,info@bowersandsiren.com
3374,ChIJAQAwdAB5_IgRsmeuBi_aLdE,Bluffton Divorce Attorney,(843) 638-1020,"10 Office Way #200, Hilton Head Island, SC 29928, USA",,No Website,lawyer,,,info@blufftondivorceattorney.com
3375,ChIJDzi8V1Fw_ogReA3MUZHtkgY,Lister Law Office,(843) 884-0555,"539 Overseer Retreat Suite A, Mt Pleasant, SC 29464, USA",,No Website,lawyer,5,16,info@listerlawoffice.com
3376,ChIJE3wOo1Jx_ogRf9smeJps-8Y,Varner Family Law,(843) 606-3038,"814 Johnnie Dodds Blvd Ste 203, Mt Pleasant, SC 29464, USA",,No Website,lawyer,,,info@varnerfamilylaw.com
3378,ChIJ64tqPm-L_ogRpS0vyRpbi0o,DEVANE & MACK,(843) 285-7100,"110 N Main St, Summerville, SC 29483, USA",,No Website,lawyer,3.5,13,info@devanemack.com
3379,ChIJD1ZMpYlx_ogRz21nBEvOYT4,"Rogers Family Law, LLC",(843) 252-0606,"597 Old Mt Holly Rd Ste 203, Goose Creek, SC 29445, USA",,No Website,consultant,5,5,info@rogersfamilylawllc.com
3380,ChIJ00bByYl7_ogR1I740lwknLU,"W. Tracy Brown, Attorney at Law",(843) 714-0341,"814 N Cedar St, Summerville, SC 29483, USA",,No Website,lawyer,2.7,24,wtracybrownlaw@gmail.com
3382,ChIJ5xYTsU96_ogRWhzadN1KpNQ,Attorney Deborah Wright,(843) 577-4478,"507 Huger St, Charleston, SC 29403, USA",,No Website,lawyer,5,17,deborah@deborahwrightlaw.com
3383,ChIJTUY6uGie-4gRBeoGo7Kpk-c,Rehal Francesca,(912) 231-0906,"4700 US-80 Ste #5, Savannah, GA 31410, USA",,No Website,lawyer,5,3,info@rehallawgroup.com
3384,ChIJv2fiSw0F9YgRcio4qtBlUww,Atlanta Family Lawyers L.L.C,(404) 892-1111,"1801 Peachtree Rd NE Ste 160, Atlanta, GA 30309, USA",,No Website,lawyer,5,2,info@atlantafamilylawyers.com
3385,ChIJM6lEhRsP-4gRVWl39tvUkDA,"George A. Waters, Attorney at Law",(912) 756-3417,"10982 Ford Ave, Richmond Hill, GA 31324, USA",,No Website,lawyer,3.1,20,george@georgewaterslaw.com
3386,ChIJTUY6uGie-4gRBeoGo7Kpk-c,Rehal Francesca,(912) 231-0906,"4700 US-80 Ste #5, Savannah, GA 31410, USA",,No Website,lawyer,5,3,info@rehallawgroup.com
3387,ChIJ5TqL950N_IgRFU2Ac4DsOwA,"Ralph V. Baldwin, Jr Attorney at Law",(843) 524-3958,"1 Professional Dr, Port Royal, SC 29935, USA",,No Website,lawyer,5,2,ralph@baldwinlawsc.com
3388,ChIJDzBTDBQxAIkRutTXVrGnUYk,"Martha L. Hamel, Attorney at Law",(843) 235-3600,"121 Centermarsh Ln, Pawleys Island, SC 29585, USA",,No Website,lawyer,2.7,3,martha@marthahamel.com
3389,ChIJD1ZMpYlx_ogRz21nBEvOYT4,"Rogers Family Law, LLC",(843) 252-0606,"597 Old Mt Holly Rd Ste 203, Goose Creek, SC 29445, USA",,No Website,consultant,5,5,info@rogersfamilylawllc.com
3390,ChIJKYCy0QGqAIkRf_SsMK-hvfY,Isenberg & Thompson,(910) 457-9506,"5101 Sellers Rd #4, Shallotte, NC 28470, USA",,No Website,lawyer,4,12,info@isenbergthompson.com
3391,ChIJq6qqqvoHw4kRW6EUUXxjlAo,M & M Fence Co,(973) 428-9663,"22 Hillery Dr, Flanders, NJ 07836, USA",,No Website,general_contractor,5,1,mmfenceco@gmail.com
3392,ChIJgbfpFQycw4kRsPmF7Cc9ps0,M & M Fence Company,(973) 428-9663,"22 Hillery Dr, Flanders, NJ 07836, USA",,No Website,general_contractor,4.8,4,mmfenceco@gmail.com
3393,ChIJ3eJOL7EJw4kR0VbksdYIfdg,Sar Stone Inc,(973) 905-1907,"450 Church St, Boonton, NJ 07005, USA",,No Website,general_contractor,4.6,18,info@sarstoneinc.com
3394,ChIJa6x1_Cyew4kRIp1JapmSycY,Quality Fence Co,(973) 668-4173,"1266 US-46, Ledgewood, NJ 07852, USA",,No Website,general_contractor,5,1,qualityfencenj@gmail.com
3395,ChIJ0fvQ6i53w4kRLamXK3X1xJE,A New Jersey Fence & Guardrail,(973) 786-5400,"32 Main St, Andover, NJ 07821, USA",,No Website,general_contractor,4,1,anjfence@gmail.com
3396,ChIJfR8JF9qbw4kRhcDEqzT_Q6E,ted eible fencing,(908) 879-6152,"17 Wheeler Rd, Chester, NJ 07930, USA",,No Website,general_contractor,5,1,tedeiblefencing@gmail.com
3398,ChIJP_zpSHEBw4kRRoc8HqqLFHk,Go Fence,(973) 706-6618,"390 Fairfield Rd, Wayne, NJ 07470, USA",,No Website,general_contractor,5,2,gofencenj@gmail.com
3399,ChIJq6qqqvoHw4kRW6EUUXxjlAo,M & M Fence Co,(973) 428-9663,"22 Hillery Dr, Flanders, NJ 07836, USA",,No Website,general_contractor,5,1,mmfenceco@gmail.com
3410,ChIJ3eJOL7EJw4kR0VbksdYIfdg,Sar Stone Inc,(973) 905-1907,"450 Church St, Boonton, NJ 07005, USA",,No Website,general_contractor,4.6,18,info@sarstoneinc.com
3411,ChIJq6qqqvoHw4kRW6EUUXxjlAo,M & M Fence Co,(973) 428-9663,"100 New Rd, Parsippany, NJ 07054, USA",,No Website,general_contractor,5,1,info@mmfenceco.com
3413,ChIJgbfpFQycw4kRsPmF7Cc9ps0,M & M Fence Company,(973) 428-9663,"22 Hillery Dr, Flanders, NJ 07836, USA",,No Website,general_contractor,4.8,4,info@mmfenceco.com
3414,ChIJ0fvQ6i53w4kRLamXK3X1xJE,A New Jersey Fence & Guardrail,(973) 786-5400,"32 Main St, Andover, NJ 07821, USA",,No Website,general_contractor,4,1,info@njfenceguardrail.com
3415,ChIJEWgE5jLHw4kRALe3h3tvlZg,Erick Fence LLC,(908) 444-1119,"91 Townsend St, New Brunswick, NJ 08901, USA",,No Website,general_contractor,5,1,info@erickfence.com
3416,ChIJObrLcDDPw4kR8JBddTUuDbk,EGY FENCING LLC,(732) 447-3563,"41 Whitehead Ave, South River, NJ 08882, USA",,No Website,general_contractor,4.4,8,info@egyfencing.com
3417,ChIJXYiGoF_bw4kRVjDAvKxEGnc,Rutgers Fence,(732) 329-5686,"314 Ridge Rd, Dayton, NJ 08810, USA",,No Website,general_contractor,3.5,6,info@rutgersfence.com
3418,ChIJ0fvQ6i53w4kRLamXK3X1xJE,A New Jersey Fence & Guardrail,(973) 786-5400,"32 Main St, Andover, NJ 07821, USA",,No Website,general_contractor,4,1,info@njfenceguardrail.com
3422,ChIJ-7SyiTpYwYkRjM56OC8v90M,Mr B Fence Sales & Installation Inc,(609) 882-6727,"1440 Prospect St, Trenton, NJ 08638, USA",,No Website,general_contractor,3.6,9,mrb.fence@verizon.net
3424,ChIJ-7SyiTpYwYkRjM56OC8v90M,Mr B Fence Sales & Installation Inc,(609) 882-6727,"1440 Prospect St, Trenton, NJ 08638, USA",,No Website,general_contractor,3.6,9,mrb.fence@verizon.net
3426,ChIJf_tfWTknwokRl19gd_ToLuY,Mendoza Fence LLC,(908) 422-7718,"2400 Industrial Way, Wall Township, NJ 07719, USA",,No Website,general_contractor,4.9,142,mendozafencellc@gmail.com
3428,ChIJVyXaKfGI-4gRamnZ5jHxvxY,Quality Fence,(843) 757-8416,"109 Persimmon St Unit 101, Bluffton, SC 29910, USA",,No Website,general_contractor,4.6,10,info@qualityfencesc.com
3430,ChIJVyphCBsN_IgRkkmm0QI3fA4,"ACE FENCE COMPANY, LLC.",(843) 908-3626,"3 Broad River Blvd, Beaufort, SC 29906, USA",https://www.facebook.com/profile.php?id=100095143233300,Social Media Only,general_contractor,5,11,acefencecompanyllc@gmail.com
3431,ChIJZR7iYmsM_IgRdSk2eHLYPYY,Atlantic Fence,(843) 441-1778,"1000 Ribaut Rd, Beaufort, SC 29902, USA",,No Website,general_contractor,4.2,5,info@atlanticfencecompany.com
3432,ChIJVyphCBsN_IgRkkmm0QI3fA4,"ACE FENCE COMPANY, LLC.",(843) 908-3626,"3 Broad River Blvd, Beaufort, SC 29906, USA",https://www.facebook.com/profile.php?id=100095143233300,Social Media Only,general_contractor,5,11,acefencecompanyllc@gmail.com
3433,ChIJZR7iYmsM_IgRdSk2eHLYPYY,Atlantic Fence,(843) 441-1778,"1000 Ribaut Rd, Beaufort, SC 29902, USA",,No Website,general_contractor,4.2,5,info@atlanticfencecompany.com
3434,ChIJZ50LmHXU5m0Rj8WP9ih1BRM,RGF Fencing INC,(803) 201-6079,"1359 State Rd S-28-128, Lugoff, SC 29078, USA",,No Website,general_contractor,4.8,328,rgffencinginc@gmail.com
3435,ChIJVyphCBsN_IgRkkmm0QI3fA4,"ACE FENCE COMPANY, LLC.",(843) 908-3626,"3 Broad River Blvd, Beaufort, SC 29906, USA",https://www.facebook.com/profile.php?id=100095143233300,Social Media Only,general_contractor,5,11,acefencecompanyllc@gmail.com
3436,ChIJVyXaKfGI-4gRamnZ5jHxvxY,Quality Fence,(843) 757-8416,"100 Palmetto Way, Bluffton, SC 29910, USA",,No Website,general_contractor,4.6,10,qualityfencecompany@gmail.com
3437,ChIJVyXaKfGI-4gRamnZ5jHxvxY,Quality Fence,(843) 757-8416,"100 Palmetto Way, Bluffton, SC 29910, USA",,No Website,general_contractor,4.6,10,qualityfencecompany@gmail.com
3438,ChIJVyphCBsN_IgRkkmm0QI3fA4,"ACE FENCE COMPANY, LLC.",(843) 908-3626,"3 Broad River Blvd, Beaufort, SC 29906, USA",https://www.facebook.com/profile.php?id=100095143233300,Social Media Only,general_contractor,5,11,acefencecompanyllc@gmail.com
3439,ChIJVyXaKfGI-4gRamnZ5jHxvxY,Quality Fence,(843) 757-8416,"100 Palmetto Way, Bluffton, SC 29910, USA",,No Website,general_contractor,4.6,10,qualityfencecompany@gmail.com
3460,ChIJtzqvRZ6Dw4kRNrdkBzd3vCc,Emerald Hardwood Floors,(908) 328-7141,"513 Monroe St, Hackettstown, NJ 07840, USA",,No Website,general_contractor,5,13,emeraldhardwoodfloors@gmail.com
3461,ChIJsV-1XKCDw4kReicfF6eP3Ow,American Hardwood Floors,(908) 850-9600,"100 E Moore St, Hackettstown, NJ 07840, USA",,No Website,general_contractor,5,1,americanhardwoodfloorsnj@gmail.com
3462,ChIJmS25cSYKw4kRFdJQURNAx1A,Don's Floor Sanding & Refinishing,(973) 625-5054,"41 Van Duyne Ave, Rockaway, NJ 07866, USA",,No Website,general_contractor,3.7,7,donsfloorsanding@gmail.com
3463,ChIJOyj7Wbqmw4kReTLvVPc4eao,Fabio Hardwood Floors,(973) 539-7549,"8 Phoenix Ave, Morristown, NJ 07960, USA",,No Website,service,4.9,127,fabiohardwoodfloors@gmail.com
3464,ChIJmS25cSYKw4kRFdJQURNAx1A,Don's Floor Sanding & Refinishing,(973) 625-5054,"41 Van Duyne Ave, Rockaway, NJ 07866, USA",,No Website,general_contractor,3.7,7,donsfloorsanding@gmail.com
3465,ChIJtzqvRZ6Dw4kRNrdkBzd3vCc,Emerald Hardwood Floors,(908) 328-7141,"513 Monroe St, Hackettstown, NJ 07840, USA",,No Website,general_contractor,5,13,emeraldhardwoodfloors@gmail.com
3466,ChIJOyj7Wbqmw4kReTLvVPc4eao,Fabio Hardwood Floors,(973) 539-7549,"8 Phoenix Ave, Morristown, NJ 07960, USA",,No Website,service,4.9,127,fabiohardwoodfloors@gmail.com
3467,ChIJX1zJA8Vzw4kRoi6fBf0Z6Io,Daz Repairs LLC,(973) 445-5239,"70 Ripplewood Dr, Lake Hopatcong, NJ 07849, USA",,No Website,general_contractor,5,8,dazrepairs@gmail.com
3468,ChIJC2mkpm4Cw4kRacsvbsn5Emg,Wood floor Install and Refinish,(973) 710-3969,"33 Clifford Dr, Wayne, NJ 07470, USA",,No Website,general_contractor,5,3,woodfloorinstallandrefinish@gmail.com
3469,ChIJAQDElZ4Kw4kRqIOEijRGm6U,Pros Restoration,(973) 650-3207,"325 A route 46 E, Dover, NJ 07801, USA",,No Website,general_contractor,2.3,9,info@prosrestorationnj.com
3481,ChIJmS25cSYKw4kRFdJQURNAx1A,Don's Floor Sanding & Refinishing,(973) 625-5054,"41 Van Duyne Ave, Rockaway, NJ 07866, USA",,No Website,general_contractor,3.7,7,donsfloorsanding@gmail.com
3482,ChIJqwJ2muWI-4gRWXDN6UuY4KA,Old Pine Flooring LLC,(843) 338-4347,"15 Wyatt Ln, Bluffton, SC 29910, USA",,No Website,general_contractor,5,1,oldpineflooring@gmail.com
3485,ChIJjfHDJUkN_IgR1isA0nSD2aw,Epoxy it floor designs,(843) 271-5911,"401 Ribaut Rd, Beaufort, SC 29902, USA",,No Website,general_contractor,,,epoxyitfloordesigns@gmail.com
3486,ChIJL2n2cewM_IgRqD3PPtJHqUs,Coastal Flooring,(843) 522-2082,"2612 S Royal Oaks Dr, Beaufort, SC 29902, USA",,No Website,general_contractor,5,1,info@coastalflooringbeaufort.com
3487,ChIJIQzca5yh-IgR5J7SG_0AqY8,CFC Hard Wood Floors LLC,(803) 269-3001,"1 Darcy Ct, Irmo, SC 29063, USA",,No Website,general_contractor,5,73,cfchardwoodfloors@gmail.com
3489,ChIJVbRvD7VdlVQRT5KVZ9jQE5o,Flooring World LLC,(864) 494-7718,"611 Hillbrook Cir, Pacolet, SC 29372, USA",,No Website,general_contractor,5,31,info@flooringworldllc.com
3510,ChIJIQzca5yh-IgR5J7SG_0AqY8,CFC Hard Wood Floors LLC,(803) 269-3001,"1 Darcy Ct, Irmo, SC 29063, USA",,No Website,general_contractor,5,73,cfchardwoodfloors@gmail.com
3511,ChIJiaW9wA6L_ogR6HYyo-YDSZM,Baltic Flooring,(843) 425-6122,"527 Holiday Dr, Summerville, SC 29483, USA",,No Website,general_contractor,5,4,info@balticflooring.com
3512,ChIJO18_oeGdV4gRkKhgXE7yEdI,GoodFellasFlooring,(864) 754-2330,"339 Wingo Rd, Roebuck, SC 29376, USA",,No Website,general_contractor,4.9,62,goodfellasflooring@gmail.com
3513,ChIJh-ZZOM6L_ogR8GtKY1RRGeQ,Pro Flooring Care LLC,(404) 314-0328,"123 Ladson Rd, North Charleston, SC 29420, USA",,No Website,general_contractor,5,1,proflooringcare@gmail.com
3515,ChIJ5WfkO7pk_ogRZ6S5K1uMf3M,R W Cauble & Company,(843) 740-0992,"2614 Doyle Ave, North Charleston, SC 29405, USA",https://www.facebook.com/rwcaubleandcompany/|https://www.rwcauble.com/,Social Media Only,general_contractor,3.7,6,info@rwcauble.com
3516,ChIJw8KJy3l1-4gRkv2vnRyJYrA,Holder Hardwood floor Sanding,(912) 980-2442,"10701 Abercorn St #60092, Savannah, GA 31419, USA",,No Website,,5,58,holderhardwoodfloorsanding@gmail.com
3517,ChIJrUmkk1x0-4gR2a-oyH7Y3eQ,Top-Notch Timber Hardwood Flooring,(912) 844-0116,"9107 Brighton Pl, Savannah, GA 31406, USA",,No Website,general_contractor,5,22,info@topnotchtimber.com
3518,ChIJ5eBQkcyd-4gR70P4uVCpw_Q,Smitty's Hardwood Floors & Coverings,(912) 596-5284,"1 Bryan Woods Rd, Savannah, GA 31410, USA",http://facebook.com/smittyshardwoodfloors,Social Media Only,general_contractor,5,3,smittyshardwoodfloors@gmail.com
3519,ChIJg2YMncAL-4gRuoIy-U-Y89M,Frazier's Floors and More LLC,(912) 266-9346,"151 Laurelwood Dr, Savannah, GA 31419, USA",,No Website,general_contractor,3.7,3,fraziersfloorsandmore@gmail.com
3521,ChIJheODYVyh9YgRs4SoZEPRuqE,Phd Hardwood Flooring,(678) 667-6050,"6901 Peachtree Industrial Blvd E, Peachtree Corners, GA 30092, USA",,No Website,general_contractor,4.9,37,info@phdhardwoodflooring.com
3524,ChIJmS25cSYKw4kRFdJQURNAx1A,Don's Floor Sanding & Refinishing,(973) 625-5054,"41 Van Duyne Ave, Rockaway, NJ 07866, USA",,No Website,general_contractor,3.7,7,donsfloorsanding@gmail.com
3525,ChIJOyj7Wbqmw4kReTLvVPc4eao,Fabio Hardwood Floors,(973) 539-7549,"8 Phoenix Ave, Morristown, NJ 07960, USA",,No Website,service,4.9,127,fabiohardwoodfloors@gmail.com
3526,ChIJmS25cSYKw4kRFdJQURNAx1A,Don's Floor Sanding & Refinishing,(973) 625-5054,"41 Van Duyne Ave, Rockaway, NJ 07866, USA",,No Website,general_contractor,3.7,7,donsfloorsanding@gmail.com
3527,ChIJOyj7Wbqmw4kReTLvVPc4eao,Fabio Hardwood Floors,(973) 539-7549,"8 Phoenix Ave, Morristown, NJ 07960, USA",,No Website,service,4.9,127,fabiohardwoodfloors@gmail.com
3528,ChIJP5ek-9L9wokRCH5dFe2hvQM,All American Wood & Hard Surface Cleaning,(973) 626-2447,"17 Louise Pl, North Haledon, NJ 07508, USA",,No Website,general_contractor,5,9,allamericanwoodandhardsurfacecleaning@gmail.com
3529,ChIJmS25cSYKw4kRFdJQURNAx1A,Don's Floor Sanding & Refinishing,(973) 625-5054,"41 Van Duyne Ave, Rockaway, NJ 07866, USA",,No Website,general_contractor,3.7,7,donsfloorsanding@gmail.com
3530,ChIJP5ek-9L9wokRCH5dFe2hvQM,All American Wood & Hard Surface Cleaning,(973) 626-2447,"17 Louise Pl, North Haledon, NJ 07508, USA",,No Website,general_contractor,5,9,info@allamericanwoodandhardsurfacecleaning.com
3531,ChIJ6ZdV8joAw4kRDR2kj2FAbo8,Garden State Hardwood Floors LLC,(973) 747-7056,"30 Brunswick Rd, Cedar Grove, NJ 07009, USA",,No Website,general_contractor,5,1,info@gardenstatehardwoodfloors.com
3532,ChIJOyj7Wbqmw4kReTLvVPc4eao,Fabio Hardwood Floors,(973) 539-7549,"8 Phoenix Ave, Morristown, NJ 07960, USA",,No Website,service,4.9,127,fabiohardwoodfloors@gmail.com
3533,ChIJX1zJA8Vzw4kRoi6fBf0Z6Io,Daz Repairs LLC,(973) 445-5239,"70 Ripplewood Dr, Lake Hopatcong, NJ 07849, USA",,No Website,general_contractor,5,8,dazrepairs@gmail.com
3534,ChIJtzqvRZ6Dw4kRNrdkBzd3vCc,Emerald Hardwood Floors,(908) 328-7141,"513 Monroe St, Hackettstown, NJ 07840, USA",,No Website,general_contractor,5,13,info@emeraldhardwoodfloors.com
3535,ChIJsV-1XKCDw4kReicfF6eP3Ow,American Hardwood Floors,(908) 850-9600,"100 Main St, Hackettstown, NJ 07840, USA",,No Website,general_contractor,5,1,info@americanhardwoodfloorsnj.com
3536,ChIJOyj7Wbqmw4kReTLvVPc4eao,Fabio Hardwood Floors,(973) 539-7549,"8 Phoenix Ave, Morristown, NJ 07960, USA",,No Website,service,4.9,127,fabiohardwoodfloors@gmail.com
3537,ChIJmS25cSYKw4kRFdJQURNAx1A,Don's Floor Sanding & Refinishing,(973) 625-5054,"41 Van Duyne Ave, Rockaway, NJ 07866, USA",,No Website,general_contractor,3.7,7,donsfloorsanding@gmail.com
3538,ChIJmS25cSYKw4kRFdJQURNAx1A,Don's Floor Sanding & Refinishing,(973) 625-5054,"41 Van Duyne Ave, Rockaway, NJ 07866, USA",,No Website,general_contractor,3.7,7,donsfloorsanding@gmail.com
3539,ChIJOyj7Wbqmw4kReTLvVPc4eao,Fabio Hardwood Floors,(973) 539-7549,"8 Phoenix Ave, Morristown, NJ 07960, USA",,No Website,service,4.9,127,fabiohardwoodfloors@gmail.com
3540,ChIJP5ek-9L9wokRCH5dFe2hvQM,All American Wood & Hard Surface Cleaning,(973) 626-2447,"17 Louise Pl, North Haledon, NJ 07508, USA",,No Website,general_contractor,5,9,info@allamericanwoodcleaning.com
3542,ChIJmS25cSYKw4kRFdJQURNAx1A,Don's Floor Sanding & Refinishing,(973) 625-5054,"41 Van Duyne Ave, Rockaway, NJ 07866, USA",,No Website,general_contractor,3.7,7,donsfloorsanding@gmail.com
3543,ChIJOyj7Wbqmw4kReTLvVPc4eao,Fabio Hardwood Floors,(973) 539-7549,"8 Phoenix Ave, Morristown, NJ 07960, USA",,No Website,service,4.9,127,info@fabiohardwoodfloors.com
3544,ChIJ6ZdV8joAw4kRDR2kj2FAbo8,Garden State Hardwood Floors LLC,(973) 747-7056,"30 Brunswick Rd, Cedar Grove, NJ 07009, USA",,No Website,general_contractor,5,1,info@gardenstatehardwoodfloors.com
3546,ChIJAemqf-41wokR61Cg1uWCzkU,Precision Wood Flooring,(848) 444-5994,"51 Bayshore Mobile Manor, Hazlet, NJ 07730, USA",,No Website,general_contractor,5,9,info@precisionwoodflooringnj.com
3547,ChIJmS25cSYKw4kRFdJQURNAx1A,Don's Floor Sanding & Refinishing,(973) 625-5054,"41 Van Duyne Ave, Rockaway, NJ 07866, USA",,No Website,general_contractor,3.7,7,donsfloorsanding@gmail.com
3550,ChIJAemqf-41wokR61Cg1uWCzkU,Precision Wood Flooring,(848) 444-5994,"51 Bayshore Mobile Manor, Hazlet, NJ 07730, USA",,No Website,general_contractor,5,9,info@precisionwoodflooringnj.com
3551,ChIJAemqf-41wokR61Cg1uWCzkU,Precision Wood Flooring,(848) 444-5994,"51 Bayshore Mobile Manor, Hazlet, NJ 07730, USA",,No Website,general_contractor,5,9,info@precisionwoodflooringnj.com
3553,ChIJAemqf-41wokR61Cg1uWCzkU,Precision Wood Flooring,(848) 444-5994,"51 Bayshore Mobile Manor, Hazlet, NJ 07730, USA",,No Website,general_contractor,5,9,info@precisionwoodflooringnj.com
3554,ChIJqwJ2muWI-4gRWXDN6UuY4KA,Old Pine Flooring LLC,(843) 338-4347,"15 Wyatt Ln, Bluffton, SC 29910, USA",,No Website,general_contractor,5,1,info@oldpineflooring.com
3556,ChIJ2b3ko6l5_IgRos03Z9Fzzx8,First Floor,(843) 338-6220,"42 New Orleans Rd, Hilton Head Island, SC 29928, USA",,No Website,building_materials_store,,,info@firstfloorhhi.com
3558,ChIJL2n2cewM_IgRqD3PPtJHqUs,Coastal Flooring,(843) 522-2082,"2612 S Royal Oaks Dr, Beaufort, SC 29902, USA",,No Website,general_contractor,5,1,info@coastalflooringbeaufort.com
3559,ChIJjfHDJUkN_IgR1isA0nSD2aw,Epoxy it floor designs,(843) 271-5911,"401 Ribaut Rd, Beaufort, SC 29902, USA",,No Website,general_contractor,,,epoxyitfloordesigns@gmail.com
3570,ChIJIQzca5yh-IgR5J7SG_0AqY8,CFC Hard Wood Floors LLC,(803) 269-3001,"1 Darcy Ct, Irmo, SC 29063, USA",,No Website,general_contractor,5,73,cfchardwoodfloors@gmail.com
3571,ChIJg8v9Fz6J-4gRA7PnYsA5EG0,Clark Floor Services,(843) 816-2232,"14 Old Farm Rd, Bluffton, SC 29910, USA",,No Website,building_materials_store,4,3,clarkfloorservices@gmail.com
3572,ChIJG2da60Bt_ogRjGSliZouMps,Palmetto Flooring Outlet,(843) 884-6000,"414 Jessen Ln # B, Charleston, SC 29492, USA",,No Website,building_materials_store,5,1,info@palmettoflooringoutlet.com
3573,ChIJ5WfkO7pk_ogRZ6S5K1uMf3M,R W Cauble & Company,(843) 740-0992,"2614 Doyle Ave, North Charleston, SC 29405, USA",https://www.facebook.com/rwcaubleandcompany/|https://www.rwcauble.com,Social Media Only,general_contractor,3.7,6,info@rwcauble.com
3574,ChIJQ6p4p3tv_4gRPNtayjzqJ88,A.D. Williams & Sons Floor Waxing\ Interior Cleaning Services LLC,(803) 406-7244,"1180 Habitat Dr, Sumter, SC 29153, USA",,No Website,,5,4,adwilliamsandsons@gmail.com
3575,ChIJh-ZZOM6L_ogR8GtKY1RRGeQ,Pro Flooring Care LLC,(404) 314-0328,"123 Ladson Rd, North Charleston, SC 29420, USA",,No Website,general_contractor,5,1,info@proflooringcare.com
3576,ChIJ5WfkO7pk_ogRZ6S5K1uMf3M,R W Cauble & Company,(843) 740-0992,"2614 Doyle Ave, North Charleston, SC 29405, USA",https://www.facebook.com/rwcaubleandcompany/|https://www.rwcauble.com,Social Media Only,general_contractor,3.7,6,info@rwcauble.com
3577,ChIJw8KJy3l1-4gRkv2vnRyJYrA,Holder Hardwood floor Sanding,(912) 980-2442,"10701 Abercorn St #60092, Savannah, GA 31419, USA",,No Website,,5,58,holderhardwoodfloors@gmail.com
3578,ChIJ5eBQkcyd-4gR70P4uVCpw_Q,Smitty's Hardwood Floors & Coverings,(912) 596-5284,"1 Bryan Woods Rd, Savannah, GA 31410, USA",http://facebook.com/smittyshardwoodfloors,Social Media Only,general_contractor,5,3,smittyshardwoodfloors@gmail.com
3579,ChIJw8KJy3l1-4gRkv2vnRyJYrA,Holder Hardwood floor Sanding,(912) 980-2442,"10701 Abercorn St #60092, Savannah, GA 31419, USA",,No Website,,5,58,holderhardwoodfloors@gmail.com